trace_0,2
trace_1,1
trace_2,4
trace_3,1
trace_4,4
trace_5,2
trace_6,0
trace_7,2
trace_8,2
trace_9,2
trace_10,4
trace_11,2
trace_12,4
trace_13,1
trace_14,0
trace_15,4
trace_16,1
trace_17,0
trace_18,2
trace_19,2
trace_20,3
trace_21,4
trace_22,3
trace_23,3
trace_24,4
trace_25,1
trace_26,3
trace_27,2
trace_28,3
trace_29,0
trace_30,3
trace_31,0
trace_32,2
trace_33,3
trace_34,1
trace_35,0
trace_36,4
trace_37,1
trace_38,4
trace_39,3
trace_40,3
trace_41,4
trace_42,1
trace_43,3
trace_44,2
trace_45,2
trace_46,4
trace_47,0
trace_48,2
trace_49,2
trace_50,1
trace_51,1
trace_52,1
trace_53,4
trace_54,0
trace_55,2
trace_56,1
trace_57,4
trace_58,1
trace_59,0
trace_60,1
trace_61,0
trace_62,1
trace_63,2
trace_64,2
trace_65,4
trace_66,0
trace_67,2
trace_68,0
trace_69,2
trace_70,3
trace_71,1
trace_72,3
trace_73,4
trace_74,0
trace_75,2
trace_76,3
trace_77,0
trace_78,0
trace_79,1
trace_80,0
trace_81,4
trace_82,3
trace_83,2
trace_84,2
trace_85,2
trace_86,3
trace_87,0
trace_88,1
trace_89,4
trace_90,3
trace_91,4
trace_92,1
trace_93,1
trace_94,1
trace_95,0
trace_96,2
trace_97,4
trace_98,3
trace_99,0
trace_100,0
trace_101,2
trace_102,0
trace_103,0
trace_104,4
trace_105,2
trace_106,1
trace_107,1
trace_108,1
trace_109,4
trace_110,4
trace_111,4
trace_112,4
trace_113,0
trace_114,3
trace_115,4
trace_116,3
trace_117,1
trace_118,4
trace_119,3
trace_120,1
trace_121,3
trace_122,3
trace_123,3
trace_124,4
trace_125,1
trace_126,4
trace_127,2
trace_128,4
trace_129,0
trace_130,4
trace_131,4
trace_132,0
trace_133,0
trace_134,0
trace_135,0
trace_136,3
trace_137,1
trace_138,0
trace_139,0
trace_140,2
trace_141,1
trace_142,4
trace_143,2
trace_144,2
trace_145,1
trace_146,1
trace_147,4
trace_148,2
trace_149,3
trace_150,1
trace_151,2
trace_152,4
trace_153,4
trace_154,2
trace_155,3
trace_156,4
trace_157,0
trace_158,1
trace_159,1
trace_160,3
trace_161,4
trace_162,0
trace_163,1
trace_164,2
trace_165,3
trace_166,0
trace_167,0
trace_168,1
trace_169,3
trace_170,0
trace_171,1
trace_172,2
trace_173,3
trace_174,1
trace_175,2
trace_176,1
trace_177,0
trace_178,2
trace_179,2
trace_180,3
trace_181,2
trace_182,0
trace_183,4
trace_184,0
trace_185,1
trace_186,1
trace_187,0
trace_188,1
trace_189,3
trace_190,0
trace_191,4
trace_192,1
trace_193,4
trace_194,0
trace_195,3
trace_196,0
trace_197,4
trace_198,1
trace_199,1
trace_200,0
trace_201,4
trace_202,4
trace_203,1
trace_204,1
trace_205,1
trace_206,3
trace_207,1
trace_208,1
trace_209,0
trace_210,0
trace_211,3
trace_212,0
trace_213,1
trace_214,1
trace_215,1
trace_216,1
trace_217,3
trace_218,0
trace_219,3
trace_220,1
trace_221,1
trace_222,1
trace_223,4
trace_224,3
trace_225,1
trace_226,4
trace_227,2
trace_228,4
trace_229,3
trace_230,0
trace_231,3
trace_232,1
trace_233,0
trace_234,3
trace_235,3
trace_236,4
trace_237,1
trace_238,0
trace_239,3
trace_240,1
trace_241,3
trace_242,4
trace_243,4
trace_244,4
trace_245,4
trace_246,0
trace_247,1
trace_248,3
trace_249,0
trace_250,4
trace_251,4
trace_252,2
trace_253,0
trace_254,4
trace_255,3
trace_256,3
trace_257,1
trace_258,4
trace_259,3
trace_260,4
trace_261,2
trace_262,1
trace_263,4
trace_264,4
trace_265,1
trace_266,0
trace_267,3
trace_268,3
trace_269,1
trace_270,3
trace_271,0
trace_272,1
trace_273,2
trace_274,4
trace_275,2
trace_276,1
trace_277,3
trace_278,2
trace_279,0
trace_280,3
trace_281,3
trace_282,4
trace_283,3
trace_284,1
trace_285,0
trace_286,1
trace_287,0
trace_288,0
trace_289,4
trace_290,1
trace_291,0
trace_292,1
trace_293,1
trace_294,0
trace_295,0
trace_296,2
trace_297,3
trace_298,4
trace_299,3
trace_300,3
trace_301,1
trace_302,1
trace_303,1
trace_304,1
trace_305,1
trace_306,2
trace_307,1
trace_308,3
trace_309,1
trace_310,2
trace_311,1
trace_312,4
trace_313,4
trace_314,1
trace_315,3
trace_316,3
trace_317,2
trace_318,0
trace_319,0
trace_320,0
trace_321,3
trace_322,0
trace_323,0
trace_324,1
trace_325,3
trace_326,1
trace_327,3
trace_328,3
trace_329,3
trace_330,4
trace_331,0
trace_332,3
trace_333,2
trace_334,0
trace_335,1
trace_336,2
trace_337,4
trace_338,3
trace_339,0
trace_340,3
trace_341,4
trace_342,0
trace_343,3
trace_344,0
trace_345,0
trace_346,0
trace_347,3
trace_348,1
trace_349,3
trace_350,1
trace_351,4
trace_352,4
trace_353,0
trace_354,3
trace_355,2
trace_356,1
trace_357,4
trace_358,1
trace_359,0
trace_360,3
trace_361,3
trace_362,3
trace_363,0
trace_364,4
trace_365,0
trace_366,0
trace_367,3
trace_368,0
trace_369,4
trace_370,1
trace_371,4
trace_372,2
trace_373,3
trace_374,2
trace_375,0
trace_376,4
trace_377,0
trace_378,4
trace_379,1
trace_380,0
trace_381,1
trace_382,4
trace_383,3
trace_384,2
trace_385,1
trace_386,0
trace_387,0
trace_388,3
trace_389,1
trace_390,4
trace_391,0
trace_392,4
trace_393,2
trace_394,1
trace_395,2
trace_396,0
trace_397,1
trace_398,3
trace_399,3
trace_400,3
trace_401,4
trace_402,2
trace_403,2
trace_404,2
trace_405,4
trace_406,4
trace_407,1
trace_408,4
trace_409,4
trace_410,1
trace_411,2
trace_412,1
trace_413,1
trace_414,3
trace_415,4
trace_416,2
trace_417,1
trace_418,0
trace_419,3
trace_420,2
trace_421,0
trace_422,4
trace_423,2
trace_424,2
trace_425,2
trace_426,3
trace_427,3
trace_428,4
trace_429,0
trace_430,2
trace_431,3
trace_432,3
trace_433,4
trace_434,3
trace_435,1
trace_436,3
trace_437,1
trace_438,2
trace_439,4
trace_440,3
trace_441,0
trace_442,3
trace_443,2
trace_444,4
trace_445,4
trace_446,3
trace_447,3
trace_448,0
trace_449,0
trace_450,1
trace_451,3
trace_452,2
trace_453,3
trace_454,0
trace_455,2
trace_456,0
trace_457,2
trace_458,3
trace_459,3
trace_460,0
trace_461,2
trace_462,3
trace_463,2
trace_464,1
trace_465,2
trace_466,2
trace_467,1
trace_468,3
trace_469,0
trace_470,2
trace_471,1
trace_472,1
trace_473,3
trace_474,4
trace_475,0
trace_476,1
trace_477,3
trace_478,1
trace_479,1
trace_480,4
trace_481,0
trace_482,2
trace_483,2
trace_484,1
trace_485,1
trace_486,1
trace_487,1
trace_488,2
trace_489,3
trace_490,1
trace_491,0
trace_492,4
trace_493,2
trace_494,1
trace_495,1
trace_496,3
trace_497,1
trace_498,0
trace_499,0
trace_500,1
trace_501,4
trace_502,3
trace_503,3
trace_504,1
trace_505,2
trace_506,1
trace_507,2
trace_508,0
trace_509,0
trace_510,1
trace_511,4
trace_512,2
trace_513,4
trace_514,2
trace_515,2
trace_516,1
trace_517,0
trace_518,4
trace_519,3
trace_520,4
trace_521,0
trace_522,1
trace_523,4
trace_524,0
trace_525,2
trace_526,4
trace_527,4
trace_528,3
trace_529,0
trace_530,3
trace_531,2
trace_532,3
trace_533,3
trace_534,3
trace_535,2
trace_536,4
trace_537,2
trace_538,0
trace_539,2
trace_540,3
trace_541,3
trace_542,1
trace_543,2
trace_544,3
trace_545,1
trace_546,2
trace_547,2
trace_548,3
trace_549,0
trace_550,4
trace_551,2
trace_552,2
trace_553,2
trace_554,4
trace_555,1
trace_556,3
trace_557,2
trace_558,4
trace_559,1
trace_560,3
trace_561,2
trace_562,4
trace_563,1
trace_564,3
trace_565,0
trace_566,3
trace_567,3
trace_568,3
trace_569,2
trace_570,1
trace_571,4
trace_572,4
trace_573,3
trace_574,2
trace_575,0
trace_576,2
trace_577,4
trace_578,3
trace_579,4
trace_580,3
trace_581,4
trace_582,0
trace_583,4
trace_584,2
trace_585,0
trace_586,0
trace_587,1
trace_588,3
trace_589,4
trace_590,4
trace_591,3
trace_592,0
trace_593,0
trace_594,3
trace_595,0
trace_596,3
trace_597,1
trace_598,3
trace_599,2
trace_600,0
trace_601,1
trace_602,2
trace_603,3
trace_604,2
trace_605,1
trace_606,1
trace_607,4
trace_608,2
trace_609,0
trace_610,2
trace_611,2
trace_612,3
trace_613,4
trace_614,1
trace_615,0
trace_616,4
trace_617,3
trace_618,2
trace_619,4
trace_620,4
trace_621,1
trace_622,1
trace_623,4
trace_624,1
trace_625,1
trace_626,0
trace_627,1
trace_628,4
trace_629,3
trace_630,4
trace_631,1
trace_632,4
trace_633,0
trace_634,2
trace_635,3
trace_636,3
trace_637,4
trace_638,4
trace_639,4
trace_640,3
trace_641,1
trace_642,1
trace_643,0
trace_644,3
trace_645,0
trace_646,1
trace_647,1
trace_648,4
trace_649,4
trace_650,4
trace_651,4
trace_652,3
trace_653,4
trace_654,0
trace_655,1
trace_656,2
trace_657,2
trace_658,3
trace_659,3
trace_660,1
trace_661,4
trace_662,1
trace_663,3
trace_664,0
trace_665,2
trace_666,1
trace_667,2
trace_668,4
trace_669,0
trace_670,3
trace_671,2
trace_672,0
trace_673,4
trace_674,3
trace_675,3
trace_676,0
trace_677,0
trace_678,4
trace_679,1
trace_680,3
trace_681,1
trace_682,1
trace_683,2
trace_684,4
trace_685,4
trace_686,2
trace_687,3
trace_688,3
trace_689,4
trace_690,1
trace_691,4
trace_692,1
trace_693,1
trace_694,4
trace_695,2
trace_696,0
trace_697,0
trace_698,2
trace_699,4
trace_700,0
trace_701,0
trace_702,0
trace_703,4
trace_704,4
trace_705,4
trace_706,3
trace_707,0
trace_708,2
trace_709,2
trace_710,1
trace_711,4
trace_712,1
trace_713,2
trace_714,0
trace_715,4
trace_716,0
trace_717,3
trace_718,0
trace_719,3
trace_720,4
trace_721,3
trace_722,2
trace_723,2
trace_724,0
trace_725,4
trace_726,0
trace_727,2
trace_728,2
trace_729,1
trace_730,3
trace_731,3
trace_732,4
trace_733,1
trace_734,0
trace_735,0
trace_736,0
trace_737,4
trace_738,2
trace_739,4
trace_740,1
trace_741,3
trace_742,4
trace_743,3
trace_744,2
trace_745,0
trace_746,0
trace_747,4
trace_748,3
trace_749,3
trace_750,4
trace_751,1
trace_752,2
trace_753,0
trace_754,2
trace_755,3
trace_756,2
trace_757,1
trace_758,4
trace_759,1
trace_760,0
trace_761,2
trace_762,3
trace_763,0
trace_764,1
trace_765,4
trace_766,2
trace_767,1
trace_768,4
trace_769,2
trace_770,4
trace_771,4
trace_772,3
trace_773,2
trace_774,1
trace_775,3
trace_776,0
trace_777,3
trace_778,2
trace_779,1
trace_780,1
trace_781,0
trace_782,4
trace_783,0
trace_784,2
trace_785,0
trace_786,4
trace_787,1
trace_788,0
trace_789,0
trace_790,0
trace_791,4
trace_792,2
trace_793,0
trace_794,1
trace_795,4
trace_796,1
trace_797,4
trace_798,2
trace_799,0
trace_800,1
trace_801,0
trace_802,0
trace_803,3
trace_804,4
trace_805,4
trace_806,0
trace_807,4
trace_808,0
trace_809,3
trace_810,4
trace_811,0
trace_812,2
trace_813,0
trace_814,1
trace_815,2
trace_816,0
trace_817,4
trace_818,4
trace_819,1
trace_820,2
trace_821,4
trace_822,4
trace_823,3
trace_824,3
trace_825,0
trace_826,4
trace_827,3
trace_828,1
trace_829,0
trace_830,2
trace_831,1
trace_832,4
trace_833,3
trace_834,3
trace_835,2
trace_836,3
trace_837,2
trace_838,3
trace_839,3
trace_840,0
trace_841,1
trace_842,4
trace_843,4
trace_844,1
trace_845,2
trace_846,0
trace_847,3
trace_848,4
trace_849,3
trace_850,2
trace_851,1
trace_852,4
trace_853,0
trace_854,2
trace_855,2
trace_856,4
trace_857,1
trace_858,3
trace_859,3
trace_860,3
trace_861,2
trace_862,3
trace_863,1
trace_864,1
trace_865,0
trace_866,2
trace_867,3
trace_868,2
trace_869,3
trace_870,1
trace_871,3
trace_872,1
trace_873,0
trace_874,0
trace_875,2
trace_876,2
trace_877,0
trace_878,3
trace_879,2
trace_880,4
trace_881,2
trace_882,0
trace_883,0
trace_884,0
trace_885,2
trace_886,2
trace_887,1
trace_888,1
trace_889,2
trace_890,2
trace_891,1
trace_892,1
trace_893,2
trace_894,4
trace_895,1
trace_896,0
trace_897,0
trace_898,1
trace_899,3
trace_900,0
trace_901,4
trace_902,0
trace_903,1
trace_904,0
trace_905,2
trace_906,2
trace_907,1
trace_908,0
trace_909,0
trace_910,3
trace_911,0
trace_912,0
trace_913,2
trace_914,2
trace_915,3
trace_916,2
trace_917,3
trace_918,0
trace_919,0
trace_920,0
trace_921,3
trace_922,0
trace_923,2
trace_924,3
trace_925,0
trace_926,2
trace_927,2
trace_928,3
trace_929,2
trace_930,2
trace_931,1
trace_932,3
trace_933,4
trace_934,2
trace_935,3
trace_936,1
trace_937,2
trace_938,3
trace_939,4
trace_940,4
trace_941,3
trace_942,3
trace_943,1
trace_944,3
trace_945,0
trace_946,0
trace_947,0
trace_948,4
trace_949,3
trace_950,2
trace_951,0
trace_952,4
trace_953,0
trace_954,3
trace_955,0
trace_956,0
trace_957,1
trace_958,4
trace_959,4
trace_960,4
trace_961,3
trace_962,1
trace_963,2
trace_964,4
trace_965,2
trace_966,0
trace_967,1
trace_968,4
trace_969,0
trace_970,1
trace_971,0
trace_972,3
trace_973,4
trace_974,3
trace_975,2
trace_976,3
trace_977,3
trace_978,3
trace_979,4
trace_980,4
trace_981,4
trace_982,4
trace_983,3
trace_984,4
trace_985,0
trace_986,4
trace_987,1
trace_988,4
trace_989,3
trace_990,0
trace_991,2
trace_992,0
trace_993,0
trace_994,3
trace_995,1
trace_996,4
trace_997,2
trace_998,1
trace_999,3
trace_1000,0
trace_1001,0
trace_1002,3
trace_1003,1
trace_1004,1
trace_1005,2
trace_1006,4
trace_1007,2
trace_1008,3
trace_1009,4
trace_1010,1
trace_1011,2
trace_1012,1
trace_1013,4
trace_1014,2
trace_1015,4
trace_1016,4
trace_1017,1
trace_1018,0
trace_1019,2
trace_1020,3
trace_1021,2
trace_1022,0
trace_1023,0
trace_1024,1
trace_1025,4
trace_1026,4
trace_1027,4
trace_1028,0
trace_1029,1
trace_1030,0
trace_1031,1
trace_1032,3
trace_1033,0
trace_1034,0
trace_1035,3
trace_1036,2
trace_1037,0
trace_1038,3
trace_1039,1
trace_1040,3
trace_1041,1
trace_1042,3
trace_1043,3
trace_1044,1
trace_1045,0
trace_1046,4
trace_1047,1
trace_1048,3
trace_1049,2
trace_1050,2
trace_1051,1
trace_1052,1
trace_1053,0
trace_1054,4
trace_1055,0
trace_1056,3
trace_1057,4
trace_1058,0
trace_1059,2
trace_1060,3
trace_1061,0
trace_1062,4
trace_1063,1
trace_1064,0
trace_1065,1
trace_1066,2
trace_1067,3
trace_1068,1
trace_1069,2
trace_1070,3
trace_1071,0
trace_1072,0
trace_1073,1
trace_1074,2
trace_1075,4
trace_1076,0
trace_1077,2
trace_1078,2
trace_1079,1
trace_1080,1
trace_1081,1
trace_1082,1
trace_1083,3
trace_1084,2
trace_1085,0
trace_1086,1
trace_1087,0
trace_1088,1
trace_1089,1
trace_1090,1
trace_1091,1
trace_1092,0
trace_1093,1
trace_1094,1
trace_1095,2
trace_1096,4
trace_1097,0
trace_1098,3
trace_1099,2
trace_1100,1
trace_1101,0
trace_1102,3
trace_1103,3
trace_1104,4
trace_1105,1
trace_1106,2
trace_1107,2
trace_1108,2
trace_1109,2
trace_1110,4
trace_1111,2
trace_1112,3
trace_1113,0
trace_1114,0
trace_1115,0
trace_1116,1
trace_1117,0
trace_1118,4
trace_1119,2
trace_1120,4
trace_1121,3
trace_1122,0
trace_1123,1
trace_1124,0
trace_1125,0
trace_1126,0
trace_1127,0
trace_1128,0
trace_1129,2
trace_1130,3
trace_1131,3
trace_1132,1
trace_1133,2
trace_1134,0
trace_1135,1
trace_1136,0
trace_1137,3
trace_1138,1
trace_1139,2
trace_1140,3
trace_1141,0
trace_1142,3
trace_1143,1
trace_1144,4
trace_1145,3
trace_1146,0
trace_1147,3
trace_1148,3
trace_1149,1
trace_1150,3
trace_1151,0
trace_1152,0
trace_1153,3
trace_1154,4
trace_1155,1
trace_1156,2
trace_1157,3
trace_1158,3
trace_1159,0
trace_1160,2
trace_1161,3
trace_1162,3
trace_1163,1
trace_1164,1
trace_1165,0
trace_1166,4
trace_1167,1
trace_1168,3
trace_1169,3
trace_1170,3
trace_1171,2
trace_1172,3
trace_1173,0
trace_1174,2
trace_1175,3
trace_1176,1
trace_1177,2
trace_1178,4
trace_1179,1
trace_1180,1
trace_1181,0
trace_1182,4
trace_1183,0
trace_1184,3
trace_1185,2
trace_1186,0
trace_1187,0
trace_1188,1
trace_1189,4
trace_1190,3
trace_1191,2
trace_1192,4
trace_1193,3
trace_1194,2
trace_1195,0
trace_1196,4
trace_1197,2
trace_1198,2
trace_1199,4
trace_1200,3
trace_1201,0
trace_1202,0
trace_1203,3
trace_1204,0
trace_1205,0
trace_1206,0
trace_1207,0
trace_1208,1
trace_1209,4
trace_1210,3
trace_1211,4
trace_1212,2
trace_1213,1
trace_1214,0
trace_1215,3
trace_1216,3
trace_1217,1
trace_1218,0
trace_1219,4
trace_1220,2
trace_1221,2
trace_1222,0
trace_1223,4
trace_1224,1
trace_1225,1
trace_1226,2
trace_1227,1
trace_1228,3
trace_1229,0
trace_1230,4
trace_1231,3
trace_1232,2
trace_1233,4
trace_1234,1
trace_1235,4
trace_1236,1
trace_1237,4
trace_1238,3
trace_1239,1
trace_1240,0
trace_1241,2
trace_1242,2
trace_1243,3
trace_1244,1
trace_1245,3
trace_1246,2
trace_1247,1
trace_1248,2
trace_1249,4
trace_1250,1
trace_1251,4
trace_1252,1
trace_1253,1
trace_1254,4
trace_1255,1
trace_1256,1
trace_1257,4
trace_1258,4
trace_1259,4
trace_1260,0
trace_1261,1
trace_1262,2
trace_1263,0
trace_1264,1
trace_1265,2
trace_1266,0
trace_1267,3
trace_1268,1
trace_1269,2
trace_1270,1
trace_1271,0
trace_1272,1
trace_1273,2
trace_1274,4
trace_1275,4
trace_1276,2
trace_1277,4
trace_1278,1
trace_1279,1
trace_1280,0
trace_1281,4
trace_1282,2
trace_1283,0
trace_1284,1
trace_1285,3
trace_1286,1
trace_1287,4
trace_1288,1
trace_1289,4
trace_1290,0
trace_1291,0
trace_1292,1
trace_1293,1
trace_1294,3
trace_1295,4
trace_1296,1
trace_1297,3
trace_1298,0
trace_1299,3
trace_1300,1
trace_1301,2
trace_1302,0
trace_1303,1
trace_1304,2
trace_1305,1
trace_1306,0
trace_1307,3
trace_1308,4
trace_1309,3
trace_1310,2
trace_1311,4
trace_1312,0
trace_1313,3
trace_1314,3
trace_1315,1
trace_1316,4
trace_1317,4
trace_1318,4
trace_1319,0
trace_1320,2
trace_1321,3
trace_1322,1
trace_1323,2
trace_1324,0
trace_1325,0
trace_1326,0
trace_1327,0
trace_1328,1
trace_1329,3
trace_1330,3
trace_1331,2
trace_1332,3
trace_1333,3
trace_1334,0
trace_1335,0
trace_1336,4
trace_1337,3
trace_1338,2
trace_1339,2
trace_1340,3
trace_1341,4
trace_1342,3
trace_1343,0
trace_1344,3
trace_1345,0
trace_1346,0
trace_1347,4
trace_1348,2
trace_1349,2
trace_1350,2
trace_1351,3
trace_1352,1
trace_1353,4
trace_1354,3
trace_1355,2
trace_1356,2
trace_1357,0
trace_1358,2
trace_1359,0
trace_1360,0
trace_1361,3
trace_1362,1
trace_1363,2
trace_1364,4
trace_1365,3
trace_1366,1
trace_1367,0
trace_1368,0
trace_1369,3
trace_1370,0
trace_1371,0
trace_1372,4
trace_1373,2
trace_1374,2
trace_1375,3
trace_1376,0
trace_1377,3
trace_1378,0
trace_1379,1
trace_1380,3
trace_1381,0
trace_1382,0
trace_1383,2
trace_1384,3
trace_1385,1
trace_1386,0
trace_1387,0
trace_1388,0
trace_1389,4
trace_1390,3
trace_1391,1
trace_1392,3
trace_1393,2
trace_1394,1
trace_1395,0
trace_1396,0
trace_1397,4
trace_1398,3
trace_1399,0
trace_1400,1
trace_1401,0
trace_1402,2
trace_1403,2
trace_1404,0
trace_1405,3
trace_1406,2
trace_1407,4
trace_1408,3
trace_1409,0
trace_1410,3
trace_1411,4
trace_1412,0
trace_1413,1
trace_1414,1
trace_1415,4
trace_1416,3
trace_1417,2
trace_1418,0
trace_1419,4
trace_1420,2
trace_1421,2
trace_1422,2
trace_1423,3
trace_1424,1
trace_1425,4
trace_1426,4
trace_1427,0
trace_1428,3
trace_1429,0
trace_1430,2
trace_1431,4
trace_1432,3
trace_1433,0
trace_1434,3
trace_1435,0
trace_1436,2
trace_1437,2
trace_1438,1
trace_1439,1
trace_1440,1
trace_1441,3
trace_1442,1
trace_1443,0
trace_1444,2
trace_1445,0
trace_1446,3
trace_1447,3
trace_1448,1
trace_1449,4
trace_1450,4
trace_1451,0
trace_1452,2
trace_1453,3
trace_1454,1
trace_1455,0
trace_1456,2
trace_1457,0
trace_1458,3
trace_1459,2
trace_1460,1
trace_1461,4
trace_1462,3
trace_1463,4
trace_1464,0
trace_1465,0
trace_1466,3
trace_1467,4
trace_1468,3
trace_1469,0
trace_1470,1
trace_1471,2
trace_1472,4
trace_1473,4
trace_1474,0
trace_1475,0
trace_1476,3
trace_1477,0
trace_1478,0
trace_1479,3
trace_1480,3
trace_1481,0
trace_1482,1
trace_1483,0
trace_1484,1
trace_1485,4
trace_1486,4
trace_1487,3
trace_1488,4
trace_1489,2
trace_1490,3
trace_1491,4
trace_1492,4
trace_1493,3
trace_1494,4
trace_1495,0
trace_1496,3
trace_1497,4
trace_1498,3
trace_1499,3
trace_1500,4
trace_1501,3
trace_1502,2
trace_1503,1
trace_1504,3
trace_1505,3
trace_1506,3
trace_1507,2
trace_1508,2
trace_1509,4
trace_1510,0
trace_1511,0
trace_1512,4
trace_1513,0
trace_1514,3
trace_1515,0
trace_1516,3
trace_1517,4
trace_1518,2
trace_1519,3
trace_1520,3
trace_1521,1
trace_1522,2
trace_1523,0
trace_1524,3
trace_1525,4
trace_1526,0
trace_1527,1
trace_1528,4
trace_1529,3
trace_1530,2
trace_1531,4
trace_1532,4
trace_1533,3
trace_1534,2
trace_1535,1
trace_1536,3
trace_1537,0
trace_1538,0
trace_1539,0
trace_1540,3
trace_1541,0
trace_1542,3
trace_1543,4
trace_1544,4
trace_1545,1
trace_1546,2
trace_1547,2
trace_1548,1
trace_1549,0
trace_1550,4
trace_1551,1
trace_1552,0
trace_1553,1
trace_1554,1
trace_1555,2
trace_1556,3
trace_1557,0
trace_1558,4
trace_1559,4
trace_1560,4
trace_1561,4
trace_1562,3
trace_1563,3
trace_1564,3
trace_1565,0
trace_1566,0
trace_1567,4
trace_1568,1
trace_1569,1
trace_1570,3
trace_1571,0
trace_1572,3
trace_1573,2
trace_1574,1
trace_1575,2
trace_1576,4
trace_1577,1
trace_1578,4
trace_1579,0
trace_1580,1
trace_1581,3
trace_1582,0
trace_1583,3
trace_1584,0
trace_1585,4
trace_1586,4
trace_1587,2
trace_1588,0
trace_1589,0
trace_1590,2
trace_1591,3
trace_1592,0
trace_1593,3
trace_1594,1
trace_1595,4
trace_1596,1
trace_1597,3
trace_1598,3
trace_1599,0
trace_1600,4
trace_1601,1
trace_1602,0
trace_1603,0
trace_1604,4
trace_1605,2
trace_1606,3
trace_1607,0
trace_1608,3
trace_1609,3
trace_1610,4
trace_1611,0
trace_1612,1
trace_1613,1
trace_1614,4
trace_1615,1
trace_1616,1
trace_1617,0
trace_1618,2
trace_1619,0
trace_1620,1
trace_1621,2
trace_1622,4
trace_1623,4
trace_1624,4
trace_1625,0
trace_1626,2
trace_1627,0
trace_1628,2
trace_1629,2
trace_1630,4
trace_1631,1
trace_1632,2
trace_1633,1
trace_1634,0
trace_1635,0
trace_1636,2
trace_1637,4
trace_1638,0
trace_1639,3
trace_1640,2
trace_1641,1
trace_1642,2
trace_1643,1
trace_1644,3
trace_1645,3
trace_1646,4
trace_1647,1
trace_1648,0
trace_1649,1
trace_1650,1
trace_1651,2
trace_1652,4
trace_1653,1
trace_1654,0
trace_1655,0
trace_1656,4
trace_1657,4
trace_1658,3
trace_1659,1
trace_1660,3
trace_1661,3
trace_1662,3
trace_1663,4
trace_1664,4
trace_1665,4
trace_1666,2
trace_1667,1
trace_1668,0
trace_1669,2
trace_1670,3
trace_1671,4
trace_1672,2
trace_1673,3
trace_1674,3
trace_1675,2
trace_1676,0
trace_1677,1
trace_1678,0
trace_1679,3
trace_1680,1
trace_1681,3
trace_1682,2
trace_1683,4
trace_1684,3
trace_1685,2
trace_1686,0
trace_1687,0
trace_1688,2
trace_1689,1
trace_1690,3
trace_1691,4
trace_1692,0
trace_1693,3
trace_1694,2
trace_1695,2
trace_1696,3
trace_1697,4
trace_1698,3
trace_1699,3
trace_1700,1
trace_1701,2
trace_1702,0
trace_1703,4
trace_1704,2
trace_1705,2
trace_1706,3
trace_1707,3
trace_1708,0
trace_1709,1
trace_1710,1
trace_1711,0
trace_1712,1
trace_1713,4
trace_1714,1
trace_1715,1
trace_1716,3
trace_1717,0
trace_1718,1
trace_1719,4
trace_1720,0
trace_1721,4
trace_1722,2
trace_1723,3
trace_1724,2
trace_1725,3
trace_1726,0
trace_1727,3
trace_1728,4
trace_1729,3
trace_1730,3
trace_1731,0
trace_1732,3
trace_1733,1
trace_1734,2
trace_1735,1
trace_1736,4
trace_1737,4
trace_1738,3
trace_1739,0
trace_1740,1
trace_1741,0
trace_1742,1
trace_1743,3
trace_1744,0
trace_1745,0
trace_1746,3
trace_1747,3
trace_1748,2
trace_1749,2
trace_1750,4
trace_1751,1
trace_1752,3
trace_1753,1
trace_1754,2
trace_1755,3
trace_1756,2
trace_1757,1
trace_1758,1
trace_1759,2
trace_1760,0
trace_1761,4
trace_1762,3
trace_1763,1
trace_1764,0
trace_1765,1
trace_1766,1
trace_1767,4
trace_1768,2
trace_1769,1
trace_1770,3
trace_1771,1
trace_1772,0
trace_1773,0
trace_1774,1
trace_1775,1
trace_1776,4
trace_1777,4
trace_1778,3
trace_1779,4
trace_1780,3
trace_1781,2
trace_1782,0
trace_1783,4
trace_1784,3
trace_1785,1
trace_1786,1
trace_1787,4
trace_1788,2
trace_1789,0
trace_1790,0
trace_1791,3
trace_1792,1
trace_1793,4
trace_1794,4
trace_1795,0
trace_1796,1
trace_1797,4
trace_1798,1
trace_1799,4
trace_1800,1
trace_1801,2
trace_1802,0
trace_1803,1
trace_1804,1
trace_1805,4
trace_1806,0
trace_1807,0
trace_1808,1
trace_1809,1
trace_1810,0
trace_1811,0
trace_1812,0
trace_1813,2
trace_1814,4
trace_1815,2
trace_1816,1
trace_1817,1
trace_1818,4
trace_1819,3
trace_1820,1
trace_1821,3
trace_1822,4
trace_1823,2
trace_1824,0
trace_1825,4
trace_1826,1
trace_1827,2
trace_1828,2
trace_1829,0
trace_1830,4
trace_1831,0
trace_1832,2
trace_1833,0
trace_1834,3
trace_1835,0
trace_1836,3
trace_1837,4
trace_1838,2
trace_1839,3
trace_1840,0
trace_1841,3
trace_1842,1
trace_1843,3
trace_1844,2
trace_1845,0
trace_1846,1
trace_1847,0
trace_1848,2
trace_1849,0
trace_1850,0
trace_1851,0
trace_1852,2
trace_1853,3
trace_1854,1
trace_1855,4
trace_1856,0
trace_1857,0
trace_1858,4
trace_1859,1
trace_1860,4
trace_1861,2
trace_1862,1
trace_1863,1
trace_1864,1
trace_1865,3
trace_1866,0
trace_1867,0
trace_1868,3
trace_1869,0
trace_1870,4
trace_1871,0
trace_1872,4
trace_1873,4
trace_1874,0
trace_1875,3
trace_1876,2
trace_1877,0
trace_1878,2
trace_1879,0
trace_1880,2
trace_1881,4
trace_1882,4
trace_1883,1
trace_1884,4
trace_1885,3
trace_1886,1
trace_1887,2
trace_1888,0
trace_1889,1
trace_1890,1
trace_1891,1
trace_1892,0
trace_1893,1
trace_1894,3
trace_1895,2
trace_1896,2
trace_1897,2
trace_1898,1
trace_1899,2
trace_1900,3
trace_1901,4
trace_1902,0
trace_1903,0
trace_1904,1
trace_1905,4
trace_1906,2
trace_1907,1
trace_1908,3
trace_1909,1
trace_1910,1
trace_1911,4
trace_1912,0
trace_1913,3
trace_1914,0
trace_1915,1
trace_1916,4
trace_1917,4
trace_1918,4
trace_1919,3
trace_1920,4
trace_1921,4
trace_1922,3
trace_1923,0
trace_1924,0
trace_1925,0
trace_1926,1
trace_1927,3
trace_1928,3
trace_1929,3
trace_1930,3
trace_1931,4
trace_1932,3
trace_1933,1
trace_1934,4
trace_1935,1
trace_1936,2
trace_1937,2
trace_1938,4
trace_1939,2
trace_1940,0
trace_1941,0
trace_1942,0
trace_1943,3
trace_1944,3
trace_1945,0
trace_1946,3
trace_1947,1
trace_1948,2
trace_1949,0
trace_1950,2
trace_1951,3
trace_1952,4
trace_1953,0
trace_1954,3
trace_1955,0
trace_1956,3
trace_1957,4
trace_1958,1
trace_1959,1
trace_1960,1
trace_1961,3
trace_1962,1
trace_1963,1
trace_1964,4
trace_1965,1
trace_1966,1
trace_1967,4
trace_1968,2
trace_1969,0
trace_1970,1
trace_1971,2
trace_1972,3
trace_1973,0
trace_1974,1
trace_1975,1
trace_1976,3
trace_1977,1
trace_1978,2
trace_1979,1
trace_1980,2
trace_1981,4
trace_1982,1
trace_1983,0
trace_1984,0
trace_1985,1
trace_1986,1
trace_1987,0
trace_1988,2
trace_1989,0
trace_1990,3
trace_1991,2
trace_1992,3
trace_1993,1
trace_1994,2
trace_1995,0
trace_1996,0
trace_1997,4
trace_1998,1
trace_1999,2
trace_2000,0
trace_2001,1
trace_2002,4
trace_2003,1
trace_2004,4
trace_2005,3
trace_2006,1
trace_2007,1
trace_2008,3
trace_2009,3
trace_2010,1
trace_2011,3
trace_2012,4
trace_2013,4
trace_2014,3
trace_2015,4
trace_2016,2
trace_2017,1
trace_2018,4
trace_2019,2
trace_2020,4
trace_2021,1
trace_2022,2
trace_2023,4
trace_2024,1
trace_2025,2
trace_2026,1
trace_2027,0
trace_2028,0
trace_2029,4
trace_2030,3
trace_2031,1
trace_2032,2
trace_2033,0
trace_2034,4
trace_2035,0
trace_2036,1
trace_2037,1
trace_2038,1
trace_2039,2
trace_2040,3
trace_2041,4
trace_2042,3
trace_2043,0
trace_2044,4
trace_2045,1
trace_2046,1
trace_2047,0
trace_2048,2
trace_2049,1
trace_2050,2
trace_2051,4
trace_2052,1
trace_2053,3
trace_2054,3
trace_2055,2
trace_2056,2
trace_2057,2
trace_2058,3
trace_2059,3
trace_2060,2
trace_2061,2
trace_2062,3
trace_2063,3
trace_2064,0
trace_2065,3
trace_2066,1
trace_2067,0
trace_2068,3
trace_2069,0
trace_2070,4
trace_2071,0
trace_2072,3
trace_2073,3
trace_2074,1
trace_2075,3
trace_2076,2
trace_2077,2
trace_2078,0
trace_2079,2
trace_2080,3
trace_2081,2
trace_2082,3
trace_2083,1
trace_2084,4
trace_2085,0
trace_2086,3
trace_2087,2
trace_2088,3
trace_2089,3
trace_2090,0
trace_2091,0
trace_2092,4
trace_2093,0
trace_2094,4
trace_2095,3
trace_2096,2
trace_2097,4
trace_2098,4
trace_2099,2
trace_2100,3
trace_2101,0
trace_2102,2
trace_2103,0
trace_2104,3
trace_2105,2
trace_2106,0
trace_2107,0
trace_2108,2
trace_2109,1
trace_2110,2
trace_2111,3
trace_2112,0
trace_2113,1
trace_2114,3
trace_2115,4
trace_2116,1
trace_2117,1
trace_2118,4
trace_2119,3
trace_2120,1
trace_2121,0
trace_2122,4
trace_2123,0
trace_2124,2
trace_2125,2
trace_2126,4
trace_2127,3
trace_2128,0
trace_2129,2
trace_2130,0
trace_2131,0
trace_2132,3
trace_2133,3
trace_2134,2
trace_2135,3
trace_2136,0
trace_2137,3
trace_2138,2
trace_2139,1
trace_2140,3
trace_2141,0
trace_2142,2
trace_2143,4
trace_2144,3
trace_2145,1
trace_2146,0
trace_2147,4
trace_2148,3
trace_2149,4
trace_2150,1
trace_2151,1
trace_2152,1
trace_2153,3
trace_2154,0
trace_2155,0
trace_2156,2
trace_2157,1
trace_2158,4
trace_2159,1
trace_2160,4
trace_2161,2
trace_2162,0
trace_2163,0
trace_2164,3
trace_2165,4
trace_2166,4
trace_2167,0
trace_2168,4
trace_2169,0
trace_2170,2
trace_2171,3
trace_2172,0
trace_2173,4
trace_2174,4
trace_2175,2
trace_2176,2
trace_2177,4
trace_2178,1
trace_2179,1
trace_2180,0
trace_2181,0
trace_2182,4
trace_2183,1
trace_2184,3
trace_2185,2
trace_2186,3
trace_2187,4
trace_2188,3
trace_2189,0
trace_2190,3
trace_2191,4
trace_2192,1
trace_2193,2
trace_2194,0
trace_2195,3
trace_2196,2
trace_2197,2
trace_2198,4
trace_2199,3
trace_2200,4
trace_2201,3
trace_2202,1
trace_2203,4
trace_2204,3
trace_2205,0
trace_2206,3
trace_2207,0
trace_2208,3
trace_2209,3
trace_2210,1
trace_2211,4
trace_2212,3
trace_2213,4
trace_2214,4
trace_2215,4
trace_2216,4
trace_2217,0
trace_2218,2
trace_2219,3
trace_2220,0
trace_2221,1
trace_2222,0
trace_2223,1
trace_2224,3
trace_2225,3
trace_2226,0
trace_2227,3
trace_2228,2
trace_2229,4
trace_2230,3
trace_2231,0
trace_2232,4
trace_2233,2
trace_2234,2
trace_2235,0
trace_2236,3
trace_2237,0
trace_2238,4
trace_2239,1
trace_2240,2
trace_2241,2
trace_2242,0
trace_2243,0
trace_2244,0
trace_2245,0
trace_2246,3
trace_2247,1
trace_2248,3
trace_2249,4
trace_2250,2
trace_2251,4
trace_2252,2
trace_2253,1
trace_2254,0
trace_2255,3
trace_2256,4
trace_2257,1
trace_2258,4
trace_2259,1
trace_2260,2
trace_2261,4
trace_2262,2
trace_2263,3
trace_2264,2
trace_2265,2
trace_2266,4
trace_2267,3
trace_2268,3
trace_2269,2
trace_2270,0
trace_2271,4
trace_2272,3
trace_2273,1
trace_2274,1
trace_2275,4
trace_2276,0
trace_2277,4
trace_2278,1
trace_2279,2
trace_2280,0
trace_2281,3
trace_2282,3
trace_2283,4
trace_2284,1
trace_2285,0
trace_2286,1
trace_2287,4
trace_2288,0
trace_2289,4
trace_2290,1
trace_2291,3
trace_2292,1
trace_2293,2
trace_2294,4
trace_2295,4
trace_2296,2
trace_2297,1
trace_2298,2
trace_2299,1
trace_2300,4
trace_2301,4
trace_2302,0
trace_2303,0
trace_2304,1
trace_2305,0
trace_2306,0
trace_2307,0
trace_2308,3
trace_2309,2
trace_2310,1
trace_2311,3
trace_2312,4
trace_2313,1
trace_2314,0
trace_2315,0
trace_2316,1
trace_2317,4
trace_2318,1
trace_2319,0
trace_2320,3
trace_2321,4
trace_2322,2
trace_2323,4
trace_2324,3
trace_2325,1
trace_2326,2
trace_2327,1
trace_2328,3
trace_2329,1
trace_2330,2
trace_2331,1
trace_2332,4
trace_2333,3
trace_2334,4
trace_2335,2
trace_2336,0
trace_2337,0
trace_2338,4
trace_2339,0
trace_2340,2
trace_2341,0
trace_2342,1
trace_2343,3
trace_2344,4
trace_2345,3
trace_2346,2
trace_2347,2
trace_2348,1
trace_2349,4
trace_2350,2
trace_2351,3
trace_2352,3
trace_2353,0
trace_2354,4
trace_2355,4
trace_2356,4
trace_2357,4
trace_2358,0
trace_2359,0
trace_2360,1
trace_2361,4
trace_2362,4
trace_2363,0
trace_2364,4
trace_2365,1
trace_2366,1
trace_2367,0
trace_2368,4
trace_2369,4
trace_2370,4
trace_2371,2
trace_2372,4
trace_2373,4
trace_2374,1
trace_2375,2
trace_2376,4
trace_2377,3
trace_2378,4
trace_2379,0
trace_2380,2
trace_2381,4
trace_2382,1
trace_2383,2
trace_2384,1
trace_2385,3
trace_2386,3
trace_2387,3
trace_2388,3
trace_2389,2
trace_2390,3
trace_2391,3
trace_2392,4
trace_2393,0
trace_2394,3
trace_2395,3
trace_2396,4
trace_2397,0
trace_2398,1
trace_2399,2
trace_2400,2
trace_2401,2
trace_2402,4
trace_2403,0
trace_2404,2
trace_2405,0
trace_2406,0
trace_2407,4
trace_2408,0
trace_2409,1
trace_2410,2
trace_2411,0
trace_2412,4
trace_2413,2
trace_2414,1
trace_2415,4
trace_2416,0
trace_2417,1
trace_2418,1
trace_2419,1
trace_2420,4
trace_2421,0
trace_2422,0
trace_2423,4
trace_2424,4
trace_2425,4
trace_2426,3
trace_2427,3
trace_2428,4
trace_2429,4
trace_2430,3
trace_2431,1
trace_2432,1
trace_2433,2
trace_2434,2
trace_2435,4
trace_2436,4
trace_2437,3
trace_2438,1
trace_2439,3
trace_2440,4
trace_2441,1
trace_2442,2
trace_2443,3
trace_2444,0
trace_2445,4
trace_2446,1
trace_2447,2
trace_2448,3
trace_2449,1
trace_2450,2
trace_2451,4
trace_2452,0
trace_2453,1
trace_2454,2
trace_2455,3
trace_2456,3
trace_2457,1
trace_2458,3
trace_2459,4
trace_2460,4
trace_2461,0
trace_2462,2
trace_2463,2
trace_2464,1
trace_2465,3
trace_2466,2
trace_2467,4
trace_2468,0
trace_2469,2
trace_2470,3
trace_2471,4
trace_2472,3
trace_2473,0
trace_2474,0
trace_2475,0
trace_2476,1
trace_2477,0
trace_2478,0
trace_2479,3
trace_2480,3
trace_2481,1
trace_2482,2
trace_2483,2
trace_2484,4
trace_2485,2
trace_2486,0
trace_2487,2
trace_2488,2
trace_2489,4
trace_2490,2
trace_2491,3
trace_2492,4
trace_2493,2
trace_2494,1
trace_2495,1
trace_2496,1
trace_2497,1
trace_2498,1
trace_2499,1
trace_2500,0
trace_2501,2
trace_2502,2
trace_2503,3
trace_2504,4
trace_2505,2
trace_2506,0
trace_2507,1
trace_2508,1
trace_2509,1
trace_2510,2
trace_2511,0
trace_2512,2
trace_2513,0
trace_2514,0
trace_2515,4
trace_2516,3
trace_2517,1
trace_2518,0
trace_2519,0
trace_2520,0
trace_2521,2
trace_2522,3
trace_2523,3
trace_2524,4
trace_2525,0
trace_2526,0
trace_2527,3
trace_2528,1
trace_2529,0
trace_2530,1
trace_2531,3
trace_2532,1
trace_2533,1
trace_2534,2
trace_2535,2
trace_2536,4
trace_2537,0
trace_2538,4
trace_2539,0
trace_2540,0
trace_2541,0
trace_2542,0
trace_2543,2
trace_2544,2
trace_2545,3
trace_2546,4
trace_2547,4
trace_2548,0
trace_2549,3
trace_2550,2
trace_2551,3
trace_2552,3
trace_2553,0
trace_2554,1
trace_2555,0
trace_2556,0
trace_2557,3
trace_2558,1
trace_2559,3
trace_2560,2
trace_2561,2
trace_2562,1
trace_2563,2
trace_2564,3
trace_2565,0
trace_2566,2
trace_2567,3
trace_2568,1
trace_2569,1
trace_2570,1
trace_2571,2
trace_2572,2
trace_2573,2
trace_2574,0
trace_2575,3
trace_2576,3
trace_2577,0
trace_2578,2
trace_2579,2
trace_2580,0
trace_2581,3
trace_2582,0
trace_2583,2
trace_2584,3
trace_2585,3
trace_2586,3
trace_2587,1
trace_2588,1
trace_2589,4
trace_2590,1
trace_2591,0
trace_2592,0
trace_2593,0
trace_2594,0
trace_2595,1
trace_2596,1
trace_2597,3
trace_2598,0
trace_2599,3
trace_2600,4
trace_2601,4
trace_2602,2
trace_2603,4
trace_2604,4
trace_2605,2
trace_2606,0
trace_2607,3
trace_2608,0
trace_2609,1
trace_2610,2
trace_2611,3
trace_2612,1
trace_2613,0
trace_2614,4
trace_2615,2
trace_2616,3
trace_2617,3
trace_2618,0
trace_2619,3
trace_2620,0
trace_2621,1
trace_2622,4
trace_2623,1
trace_2624,0
trace_2625,4
trace_2626,1
trace_2627,3
trace_2628,0
trace_2629,3
trace_2630,2
trace_2631,3
trace_2632,2
trace_2633,0
trace_2634,3
trace_2635,0
trace_2636,0
trace_2637,0
trace_2638,0
trace_2639,3
trace_2640,2
trace_2641,2
trace_2642,3
trace_2643,3
trace_2644,0
trace_2645,0
trace_2646,0
trace_2647,3
trace_2648,1
trace_2649,0
trace_2650,4
trace_2651,1
trace_2652,3
trace_2653,2
trace_2654,3
trace_2655,4
trace_2656,2
trace_2657,2
trace_2658,0
trace_2659,1
trace_2660,3
trace_2661,0
trace_2662,0
trace_2663,1
trace_2664,3
trace_2665,4
trace_2666,1
trace_2667,1
trace_2668,3
trace_2669,0
trace_2670,2
trace_2671,2
trace_2672,4
trace_2673,3
trace_2674,1
trace_2675,2
trace_2676,1
trace_2677,0
trace_2678,4
trace_2679,4
trace_2680,2
trace_2681,2
trace_2682,4
trace_2683,0
trace_2684,1
trace_2685,1
trace_2686,2
trace_2687,2
trace_2688,1
trace_2689,1
trace_2690,0
trace_2691,1
trace_2692,4
trace_2693,1
trace_2694,2
trace_2695,4
trace_2696,4
trace_2697,1
trace_2698,4
trace_2699,0
trace_2700,2
trace_2701,0
trace_2702,3
trace_2703,3
trace_2704,0
trace_2705,2
trace_2706,1
trace_2707,3
trace_2708,0
trace_2709,1
trace_2710,0
trace_2711,3
trace_2712,1
trace_2713,0
trace_2714,2
trace_2715,2
trace_2716,0
trace_2717,4
trace_2718,2
trace_2719,1
trace_2720,3
trace_2721,1
trace_2722,1
trace_2723,3
trace_2724,0
trace_2725,1
trace_2726,1
trace_2727,0
trace_2728,1
trace_2729,4
trace_2730,3
trace_2731,1
trace_2732,3
trace_2733,0
trace_2734,0
trace_2735,1
trace_2736,2
trace_2737,4
trace_2738,3
trace_2739,4
trace_2740,4
trace_2741,4
trace_2742,3
trace_2743,2
trace_2744,4
trace_2745,3
trace_2746,0
trace_2747,1
trace_2748,0
trace_2749,2
trace_2750,2
trace_2751,1
trace_2752,1
trace_2753,1
trace_2754,3
trace_2755,0
trace_2756,4
trace_2757,3
trace_2758,0
trace_2759,1
trace_2760,0
trace_2761,0
trace_2762,0
trace_2763,1
trace_2764,2
trace_2765,0
trace_2766,0
trace_2767,2
trace_2768,0
trace_2769,4
trace_2770,3
trace_2771,1
trace_2772,4
trace_2773,0
trace_2774,3
trace_2775,2
trace_2776,1
trace_2777,1
trace_2778,3
trace_2779,0
trace_2780,1
trace_2781,0
trace_2782,1
trace_2783,4
trace_2784,3
trace_2785,2
trace_2786,2
trace_2787,2
trace_2788,0
trace_2789,0
trace_2790,4
trace_2791,0
trace_2792,1
trace_2793,4
trace_2794,3
trace_2795,1
trace_2796,1
trace_2797,4
trace_2798,3
trace_2799,0
trace_2800,3
trace_2801,4
trace_2802,2
trace_2803,3
trace_2804,3
trace_2805,4
trace_2806,3
trace_2807,0
trace_2808,1
trace_2809,4
trace_2810,3
trace_2811,3
trace_2812,4
trace_2813,1
trace_2814,3
trace_2815,3
trace_2816,0
trace_2817,2
trace_2818,3
trace_2819,0
trace_2820,3
trace_2821,4
trace_2822,1
trace_2823,1
trace_2824,1
trace_2825,4
trace_2826,3
trace_2827,1
trace_2828,0
trace_2829,0
trace_2830,3
trace_2831,0
trace_2832,4
trace_2833,1
trace_2834,3
trace_2835,0
trace_2836,4
trace_2837,4
trace_2838,1
trace_2839,3
trace_2840,3
trace_2841,0
trace_2842,4
trace_2843,2
trace_2844,2
trace_2845,0
trace_2846,2
trace_2847,3
trace_2848,1
trace_2849,2
trace_2850,0
trace_2851,4
trace_2852,3
trace_2853,1
trace_2854,4
trace_2855,3
trace_2856,0
trace_2857,0
trace_2858,2
trace_2859,1
trace_2860,0
trace_2861,2
trace_2862,3
trace_2863,2
trace_2864,0
trace_2865,1
trace_2866,0
trace_2867,0
trace_2868,1
trace_2869,0
trace_2870,2
trace_2871,2
trace_2872,2
trace_2873,2
trace_2874,1
trace_2875,0
trace_2876,4
trace_2877,1
trace_2878,3
trace_2879,4
trace_2880,4
trace_2881,1
trace_2882,1
trace_2883,1
trace_2884,0
trace_2885,1
trace_2886,2
trace_2887,2
trace_2888,0
trace_2889,3
trace_2890,2
trace_2891,2
trace_2892,1
trace_2893,1
trace_2894,2
trace_2895,1
trace_2896,4
trace_2897,0
trace_2898,3
trace_2899,2
trace_2900,3
trace_2901,4
trace_2902,3
trace_2903,0
trace_2904,0
trace_2905,4
trace_2906,2
trace_2907,1
trace_2908,2
trace_2909,2
trace_2910,4
trace_2911,0
trace_2912,3
trace_2913,3
trace_2914,4
trace_2915,0
trace_2916,4
trace_2917,2
trace_2918,4
trace_2919,3
trace_2920,0
trace_2921,2
trace_2922,2
trace_2923,2
trace_2924,2
trace_2925,1
trace_2926,0
trace_2927,4
trace_2928,2
trace_2929,0
trace_2930,4
trace_2931,1
trace_2932,0
trace_2933,0
trace_2934,1
trace_2935,1
trace_2936,1
trace_2937,4
trace_2938,3
trace_2939,3
trace_2940,4
trace_2941,1
trace_2942,1
trace_2943,2
trace_2944,1
trace_2945,3
trace_2946,2
trace_2947,0
trace_2948,4
trace_2949,3
trace_2950,1
trace_2951,2
trace_2952,3
trace_2953,0
trace_2954,2
trace_2955,3
trace_2956,2
trace_2957,0
trace_2958,1
trace_2959,2
trace_2960,0
trace_2961,1
trace_2962,0
trace_2963,3
trace_2964,0
trace_2965,0
trace_2966,3
trace_2967,1
trace_2968,0
trace_2969,1
trace_2970,3
trace_2971,2
trace_2972,1
trace_2973,4
trace_2974,1
trace_2975,2
trace_2976,3
trace_2977,4
trace_2978,0
trace_2979,4
trace_2980,4
trace_2981,1
trace_2982,0
trace_2983,4
trace_2984,2
trace_2985,0
trace_2986,3
trace_2987,4
trace_2988,4
trace_2989,0
trace_2990,1
trace_2991,4
trace_2992,0
trace_2993,1
trace_2994,0
trace_2995,4
trace_2996,3
trace_2997,0
trace_2998,1
trace_2999,0
trace_3000,2
trace_3001,3
trace_3002,2
trace_3003,4
trace_3004,3
trace_3005,3
trace_3006,2
trace_3007,0
trace_3008,4
trace_3009,2
trace_3010,2
trace_3011,1
trace_3012,2
trace_3013,2
trace_3014,1
trace_3015,1
trace_3016,2
trace_3017,1
trace_3018,3
trace_3019,4
trace_3020,4
trace_3021,2
trace_3022,1
trace_3023,2
trace_3024,4
trace_3025,2
trace_3026,0
trace_3027,4
trace_3028,3
trace_3029,3
trace_3030,2
trace_3031,2
trace_3032,1
trace_3033,1
trace_3034,2
trace_3035,4
trace_3036,3
trace_3037,0
trace_3038,2
trace_3039,1
trace_3040,3
trace_3041,1
trace_3042,2
trace_3043,0
trace_3044,4
trace_3045,4
trace_3046,1
trace_3047,0
trace_3048,3
trace_3049,2
trace_3050,3
trace_3051,2
trace_3052,0
trace_3053,1
trace_3054,0
trace_3055,3
trace_3056,3
trace_3057,3
trace_3058,0
trace_3059,2
trace_3060,1
trace_3061,2
trace_3062,3
trace_3063,3
trace_3064,0
trace_3065,4
trace_3066,1
trace_3067,1
trace_3068,1
trace_3069,1
trace_3070,1
trace_3071,4
trace_3072,4
trace_3073,0
trace_3074,0
trace_3075,3
trace_3076,2
trace_3077,2
trace_3078,1
trace_3079,2
trace_3080,2
trace_3081,0
trace_3082,1
trace_3083,1
trace_3084,4
trace_3085,0
trace_3086,0
trace_3087,4
trace_3088,3
trace_3089,1
trace_3090,1
trace_3091,4
trace_3092,2
trace_3093,4
trace_3094,4
trace_3095,0
trace_3096,2
trace_3097,3
trace_3098,3
trace_3099,3
trace_3100,4
trace_3101,4
trace_3102,4
trace_3103,2
trace_3104,0
trace_3105,4
trace_3106,3
trace_3107,3
trace_3108,1
trace_3109,4
trace_3110,3
trace_3111,4
trace_3112,3
trace_3113,3
trace_3114,4
trace_3115,1
trace_3116,2
trace_3117,1
trace_3118,0
trace_3119,4
trace_3120,3
trace_3121,3
trace_3122,2
trace_3123,4
trace_3124,4
trace_3125,3
trace_3126,4
trace_3127,4
trace_3128,0
trace_3129,3
trace_3130,3
trace_3131,3
trace_3132,4
trace_3133,3
trace_3134,2
trace_3135,3
trace_3136,4
trace_3137,2
trace_3138,3
trace_3139,4
trace_3140,4
trace_3141,1
trace_3142,4
trace_3143,1
trace_3144,3
trace_3145,1
trace_3146,0
trace_3147,1
trace_3148,4
trace_3149,1
trace_3150,4
trace_3151,4
trace_3152,3
trace_3153,0
trace_3154,0
trace_3155,3
trace_3156,1
trace_3157,3
trace_3158,3
trace_3159,1
trace_3160,3
trace_3161,0
trace_3162,0
trace_3163,0
trace_3164,3
trace_3165,3
trace_3166,4
trace_3167,3
trace_3168,2
trace_3169,4
trace_3170,4
trace_3171,0
trace_3172,4
trace_3173,0
trace_3174,3
trace_3175,0
trace_3176,2
trace_3177,1
trace_3178,4
trace_3179,1
trace_3180,3
trace_3181,3
trace_3182,0
trace_3183,0
trace_3184,2
trace_3185,0
trace_3186,1
trace_3187,1
trace_3188,4
trace_3189,4
trace_3190,2
trace_3191,4
trace_3192,2
trace_3193,0
trace_3194,0
trace_3195,0
trace_3196,3
trace_3197,3
trace_3198,4
trace_3199,0
trace_3200,4
trace_3201,0
trace_3202,0
trace_3203,0
trace_3204,2
trace_3205,4
trace_3206,1
trace_3207,2
trace_3208,2
trace_3209,3
trace_3210,0
trace_3211,0
trace_3212,1
trace_3213,4
trace_3214,2
trace_3215,3
trace_3216,4
trace_3217,1
trace_3218,2
trace_3219,4
trace_3220,3
trace_3221,2
trace_3222,0
trace_3223,4
trace_3224,0
trace_3225,4
trace_3226,2
trace_3227,2
trace_3228,2
trace_3229,2
trace_3230,4
trace_3231,3
trace_3232,3
trace_3233,0
trace_3234,4
trace_3235,0
trace_3236,3
trace_3237,1
trace_3238,0
trace_3239,3
trace_3240,2
trace_3241,0
trace_3242,2
trace_3243,1
trace_3244,2
trace_3245,4
trace_3246,4
trace_3247,4
trace_3248,0
trace_3249,3
trace_3250,1
trace_3251,0
trace_3252,3
trace_3253,4
trace_3254,4
trace_3255,0
trace_3256,3
trace_3257,0
trace_3258,0
trace_3259,1
trace_3260,3
trace_3261,4
trace_3262,3
trace_3263,2
trace_3264,3
trace_3265,3
trace_3266,4
trace_3267,2
trace_3268,0
trace_3269,4
trace_3270,0
trace_3271,3
trace_3272,0
trace_3273,4
trace_3274,2
trace_3275,3
trace_3276,2
trace_3277,2
trace_3278,4
trace_3279,4
trace_3280,1
trace_3281,4
trace_3282,0
trace_3283,3
trace_3284,4
trace_3285,3
trace_3286,2
trace_3287,1
trace_3288,3
trace_3289,3
trace_3290,4
trace_3291,1
trace_3292,1
trace_3293,3
trace_3294,0
trace_3295,4
trace_3296,3
trace_3297,4
trace_3298,1
trace_3299,4
trace_3300,2
trace_3301,0
trace_3302,3
trace_3303,4
trace_3304,4
trace_3305,1
trace_3306,1
trace_3307,3
trace_3308,0
trace_3309,1
trace_3310,0
trace_3311,4
trace_3312,2
trace_3313,3
trace_3314,0
trace_3315,0
trace_3316,2
trace_3317,2
trace_3318,1
trace_3319,0
trace_3320,4
trace_3321,1
trace_3322,1
trace_3323,0
trace_3324,2
trace_3325,1
trace_3326,1
trace_3327,4
trace_3328,3
trace_3329,0
trace_3330,4
trace_3331,2
trace_3332,3
trace_3333,1
trace_3334,1
trace_3335,1
trace_3336,1
trace_3337,0
trace_3338,1
trace_3339,1
trace_3340,0
trace_3341,1
trace_3342,0
trace_3343,2
trace_3344,3
trace_3345,3
trace_3346,4
trace_3347,3
trace_3348,4
trace_3349,2
trace_3350,1
trace_3351,3
trace_3352,2
trace_3353,3
trace_3354,0
trace_3355,1
trace_3356,2
trace_3357,4
trace_3358,4
trace_3359,1
trace_3360,2
trace_3361,4
trace_3362,0
trace_3363,4
trace_3364,0
trace_3365,2
trace_3366,1
trace_3367,3
trace_3368,1
trace_3369,1
trace_3370,2
trace_3371,2
trace_3372,1
trace_3373,0
trace_3374,0
trace_3375,1
trace_3376,3
trace_3377,1
trace_3378,3
trace_3379,1
trace_3380,3
trace_3381,4
trace_3382,3
trace_3383,1
trace_3384,3
trace_3385,0
trace_3386,2
trace_3387,2
trace_3388,2
trace_3389,1
trace_3390,4
trace_3391,0
trace_3392,4
trace_3393,3
trace_3394,4
trace_3395,4
trace_3396,0
trace_3397,3
trace_3398,1
trace_3399,1
trace_3400,0
trace_3401,3
trace_3402,4
trace_3403,1
trace_3404,2
trace_3405,0
trace_3406,1
trace_3407,4
trace_3408,0
trace_3409,0
trace_3410,4
trace_3411,1
trace_3412,0
trace_3413,0
trace_3414,4
trace_3415,3
trace_3416,3
trace_3417,2
trace_3418,3
trace_3419,4
trace_3420,3
trace_3421,1
trace_3422,0
trace_3423,2
trace_3424,3
trace_3425,1
trace_3426,0
trace_3427,1
trace_3428,3
trace_3429,0
trace_3430,4
trace_3431,1
trace_3432,4
trace_3433,1
trace_3434,3
trace_3435,1
trace_3436,3
trace_3437,1
trace_3438,1
trace_3439,1
trace_3440,2
trace_3441,0
trace_3442,2
trace_3443,4
trace_3444,1
trace_3445,2
trace_3446,2
trace_3447,4
trace_3448,3
trace_3449,2
trace_3450,4
trace_3451,4
trace_3452,1
trace_3453,3
trace_3454,4
trace_3455,2
trace_3456,2
trace_3457,2
trace_3458,2
trace_3459,4
trace_3460,3
trace_3461,3
trace_3462,2
trace_3463,4
trace_3464,4
trace_3465,1
trace_3466,0
trace_3467,3
trace_3468,0
trace_3469,1
trace_3470,2
trace_3471,3
trace_3472,1
trace_3473,4
trace_3474,4
trace_3475,3
trace_3476,3
trace_3477,2
trace_3478,4
trace_3479,1
trace_3480,3
trace_3481,4
trace_3482,2
trace_3483,0
trace_3484,1
trace_3485,4
trace_3486,4
trace_3487,4
trace_3488,4
trace_3489,2
trace_3490,4
trace_3491,0
trace_3492,4
trace_3493,3
trace_3494,1
trace_3495,2
trace_3496,1
trace_3497,2
trace_3498,4
trace_3499,3
trace_3500,0
trace_3501,1
trace_3502,2
trace_3503,0
trace_3504,3
trace_3505,1
trace_3506,0
trace_3507,4
trace_3508,3
trace_3509,2
trace_3510,1
trace_3511,3
trace_3512,4
trace_3513,0
trace_3514,4
trace_3515,1
trace_3516,2
trace_3517,1
trace_3518,1
trace_3519,2
trace_3520,0
trace_3521,4
trace_3522,2
trace_3523,1
trace_3524,1
trace_3525,2
trace_3526,3
trace_3527,1
trace_3528,3
trace_3529,1
trace_3530,1
trace_3531,1
trace_3532,1
trace_3533,4
trace_3534,1
trace_3535,3
trace_3536,2
trace_3537,0
trace_3538,3
trace_3539,4
trace_3540,2
trace_3541,2
trace_3542,4
trace_3543,4
trace_3544,2
trace_3545,2
trace_3546,3
trace_3547,2
trace_3548,0
trace_3549,4
trace_3550,1
trace_3551,0
trace_3552,0
trace_3553,2
trace_3554,1
trace_3555,4
trace_3556,3
trace_3557,3
trace_3558,4
trace_3559,0
trace_3560,0
trace_3561,3
trace_3562,4
trace_3563,2
trace_3564,3
trace_3565,1
trace_3566,1
trace_3567,3
trace_3568,3
trace_3569,0
trace_3570,1
trace_3571,2
trace_3572,2
trace_3573,3
trace_3574,2
trace_3575,0
trace_3576,1
trace_3577,4
trace_3578,1
trace_3579,0
trace_3580,4
trace_3581,3
trace_3582,3
trace_3583,2
trace_3584,1
trace_3585,2
trace_3586,2
trace_3587,4
trace_3588,0
trace_3589,1
trace_3590,3
trace_3591,0
trace_3592,2
trace_3593,1
trace_3594,1
trace_3595,4
trace_3596,3
trace_3597,3
trace_3598,3
trace_3599,3
trace_3600,4
trace_3601,3
trace_3602,4
trace_3603,1
trace_3604,4
trace_3605,0
trace_3606,0
trace_3607,2
trace_3608,3
trace_3609,2
trace_3610,1
trace_3611,3
trace_3612,0
trace_3613,1
trace_3614,4
trace_3615,1
trace_3616,4
trace_3617,0
trace_3618,4
trace_3619,0
trace_3620,0
trace_3621,2
trace_3622,1
trace_3623,4
trace_3624,1
trace_3625,4
trace_3626,0
trace_3627,0
trace_3628,3
trace_3629,0
trace_3630,0
trace_3631,3
trace_3632,0
trace_3633,1
trace_3634,1
trace_3635,1
trace_3636,4
trace_3637,3
trace_3638,2
trace_3639,0
trace_3640,2
trace_3641,0
trace_3642,2
trace_3643,0
trace_3644,3
trace_3645,1
trace_3646,1
trace_3647,4
trace_3648,3
trace_3649,1
trace_3650,2
trace_3651,0
trace_3652,3
trace_3653,1
trace_3654,0
trace_3655,1
trace_3656,4
trace_3657,1
trace_3658,4
trace_3659,4
trace_3660,2
trace_3661,1
trace_3662,2
trace_3663,2
trace_3664,4
trace_3665,4
trace_3666,0
trace_3667,2
trace_3668,3
trace_3669,1
trace_3670,0
trace_3671,0
trace_3672,1
trace_3673,1
trace_3674,1
trace_3675,2
trace_3676,3
trace_3677,2
trace_3678,4
trace_3679,2
trace_3680,1
trace_3681,0
trace_3682,0
trace_3683,1
trace_3684,3
trace_3685,2
trace_3686,4
trace_3687,4
trace_3688,4
trace_3689,4
trace_3690,4
trace_3691,3
trace_3692,2
trace_3693,3
trace_3694,1
trace_3695,3
trace_3696,3
trace_3697,3
trace_3698,4
trace_3699,3
trace_3700,0
trace_3701,3
trace_3702,2
trace_3703,4
trace_3704,3
trace_3705,3
trace_3706,0
trace_3707,0
trace_3708,4
trace_3709,2
trace_3710,1
trace_3711,0
trace_3712,1
trace_3713,4
trace_3714,3
trace_3715,4
trace_3716,2
trace_3717,4
trace_3718,0
trace_3719,2
trace_3720,1
trace_3721,4
trace_3722,2
trace_3723,4
trace_3724,4
trace_3725,3
trace_3726,0
trace_3727,0
trace_3728,1
trace_3729,3
trace_3730,2
trace_3731,2
trace_3732,0
trace_3733,3
trace_3734,0
trace_3735,3
trace_3736,1
trace_3737,2
trace_3738,3
trace_3739,4
trace_3740,4
trace_3741,0
trace_3742,1
trace_3743,3
trace_3744,3
trace_3745,2
trace_3746,1
trace_3747,4
trace_3748,0
trace_3749,2
trace_3750,2
trace_3751,3
trace_3752,4
trace_3753,4
trace_3754,3
trace_3755,1
trace_3756,0
trace_3757,0
trace_3758,4
trace_3759,4
trace_3760,0
trace_3761,2
trace_3762,3
trace_3763,0
trace_3764,1
trace_3765,1
trace_3766,3
trace_3767,2
trace_3768,1
trace_3769,1
trace_3770,4
trace_3771,1
trace_3772,1
trace_3773,0
trace_3774,0
trace_3775,0
trace_3776,1
trace_3777,3
trace_3778,3
trace_3779,0
trace_3780,3
trace_3781,1
trace_3782,4
trace_3783,4
trace_3784,2
trace_3785,2
trace_3786,0
trace_3787,0
trace_3788,1
trace_3789,1
trace_3790,4
trace_3791,2
trace_3792,1
trace_3793,4
trace_3794,0
trace_3795,2
trace_3796,1
trace_3797,3
trace_3798,4
trace_3799,1
trace_3800,0
trace_3801,2
trace_3802,0
trace_3803,1
trace_3804,2
trace_3805,1
trace_3806,1
trace_3807,4
trace_3808,3
trace_3809,3
trace_3810,0
trace_3811,4
trace_3812,2
trace_3813,2
trace_3814,0
trace_3815,4
trace_3816,4
trace_3817,0
trace_3818,4
trace_3819,0
trace_3820,4
trace_3821,4
trace_3822,2
trace_3823,1
trace_3824,0
trace_3825,3
trace_3826,1
trace_3827,0
trace_3828,4
trace_3829,3
trace_3830,3
trace_3831,0
trace_3832,1
trace_3833,3
trace_3834,4
trace_3835,0
trace_3836,0
trace_3837,4
trace_3838,0
trace_3839,4
trace_3840,2
trace_3841,0
trace_3842,3
trace_3843,2
trace_3844,0
trace_3845,4
trace_3846,1
trace_3847,3
trace_3848,4
trace_3849,1
trace_3850,3
trace_3851,3
trace_3852,2
trace_3853,1
trace_3854,4
trace_3855,2
trace_3856,4
trace_3857,0
trace_3858,3
trace_3859,0
trace_3860,3
trace_3861,1
trace_3862,4
trace_3863,4
trace_3864,3
trace_3865,1
trace_3866,1
trace_3867,3
trace_3868,0
trace_3869,1
trace_3870,1
trace_3871,3
trace_3872,4
trace_3873,3
trace_3874,4
trace_3875,1
trace_3876,1
trace_3877,0
trace_3878,2
trace_3879,4
trace_3880,0
trace_3881,0
trace_3882,1
trace_3883,0
trace_3884,3
trace_3885,0
trace_3886,3
trace_3887,1
trace_3888,3
trace_3889,2
trace_3890,2
trace_3891,0
trace_3892,4
trace_3893,3
trace_3894,1
trace_3895,4
trace_3896,0
trace_3897,1
trace_3898,2
trace_3899,3
trace_3900,4
trace_3901,0
trace_3902,0
trace_3903,0
trace_3904,0
trace_3905,3
trace_3906,1
trace_3907,1
trace_3908,2
trace_3909,3
trace_3910,1
trace_3911,3
trace_3912,0
trace_3913,4
trace_3914,0
trace_3915,1
trace_3916,4
trace_3917,1
trace_3918,2
trace_3919,2
trace_3920,1
trace_3921,0
trace_3922,4
trace_3923,0
trace_3924,4
trace_3925,2
trace_3926,1
trace_3927,4
trace_3928,3
trace_3929,2
trace_3930,0
trace_3931,2
trace_3932,3
trace_3933,2
trace_3934,0
trace_3935,3
trace_3936,1
trace_3937,2
trace_3938,2
trace_3939,3
trace_3940,1
trace_3941,0
trace_3942,0
trace_3943,1
trace_3944,3
trace_3945,1
trace_3946,0
trace_3947,1
trace_3948,0
trace_3949,3
trace_3950,2
trace_3951,2
trace_3952,0
trace_3953,3
trace_3954,2
trace_3955,3
trace_3956,0
trace_3957,1
trace_3958,4
trace_3959,1
trace_3960,1
trace_3961,2
trace_3962,4
trace_3963,4
trace_3964,2
trace_3965,3
trace_3966,0
trace_3967,4
trace_3968,0
trace_3969,1
trace_3970,1
trace_3971,4
trace_3972,3
trace_3973,2
trace_3974,2
trace_3975,3
trace_3976,0
trace_3977,1
trace_3978,1
trace_3979,3
trace_3980,1
trace_3981,3
trace_3982,3
trace_3983,2
trace_3984,2
trace_3985,0
trace_3986,1
trace_3987,0
trace_3988,0
trace_3989,4
trace_3990,0
trace_3991,3
trace_3992,2
trace_3993,1
trace_3994,3
trace_3995,4
trace_3996,3
trace_3997,2
trace_3998,1
trace_3999,3
trace_4000,1
trace_4001,1
trace_4002,1
trace_4003,1
trace_4004,1
trace_4005,1
trace_4006,1
trace_4007,3
trace_4008,0
trace_4009,1
trace_4010,1
trace_4011,2
trace_4012,2
trace_4013,1
trace_4014,3
trace_4015,3
trace_4016,4
trace_4017,1
trace_4018,2
trace_4019,3
trace_4020,4
trace_4021,1
trace_4022,4
trace_4023,1
trace_4024,1
trace_4025,3
trace_4026,4
trace_4027,3
trace_4028,4
trace_4029,1
trace_4030,3
trace_4031,4
trace_4032,4
trace_4033,3
trace_4034,3
trace_4035,2
trace_4036,2
trace_4037,1
trace_4038,1
trace_4039,0
trace_4040,4
trace_4041,2
trace_4042,4
trace_4043,0
trace_4044,2
trace_4045,2
trace_4046,1
trace_4047,2
trace_4048,2
trace_4049,3
trace_4050,0
trace_4051,4
trace_4052,3
trace_4053,0
trace_4054,2
trace_4055,0
trace_4056,4
trace_4057,4
trace_4058,3
trace_4059,3
trace_4060,0
trace_4061,0
trace_4062,4
trace_4063,3
trace_4064,1
trace_4065,3
trace_4066,0
trace_4067,2
trace_4068,0
trace_4069,1
trace_4070,2
trace_4071,1
trace_4072,1
trace_4073,1
trace_4074,0
trace_4075,2
trace_4076,1
trace_4077,4
trace_4078,0
trace_4079,0
trace_4080,2
trace_4081,1
trace_4082,4
trace_4083,1
trace_4084,2
trace_4085,0
trace_4086,4
trace_4087,4
trace_4088,4
trace_4089,4
trace_4090,0
trace_4091,0
trace_4092,3
trace_4093,3
trace_4094,1
trace_4095,0
trace_4096,2
trace_4097,0
trace_4098,1
trace_4099,3
trace_4100,0
trace_4101,0
trace_4102,2
trace_4103,0
trace_4104,4
trace_4105,3
trace_4106,0
trace_4107,1
trace_4108,4
trace_4109,0
trace_4110,3
trace_4111,2
trace_4112,0
trace_4113,2
trace_4114,4
trace_4115,2
trace_4116,4
trace_4117,2
trace_4118,1
trace_4119,0
trace_4120,2
trace_4121,4
trace_4122,4
trace_4123,3
trace_4124,4
trace_4125,4
trace_4126,0
trace_4127,2
trace_4128,2
trace_4129,2
trace_4130,1
trace_4131,4
trace_4132,1
trace_4133,3
trace_4134,4
trace_4135,3
trace_4136,4
trace_4137,3
trace_4138,0
trace_4139,4
trace_4140,2
trace_4141,2
trace_4142,0
trace_4143,3
trace_4144,3
trace_4145,0
trace_4146,1
trace_4147,3
trace_4148,4
trace_4149,0
trace_4150,2
trace_4151,3
trace_4152,0
trace_4153,4
trace_4154,1
trace_4155,3
trace_4156,4
trace_4157,0
trace_4158,3
trace_4159,3
trace_4160,0
trace_4161,3
trace_4162,4
trace_4163,2
trace_4164,3
trace_4165,2
trace_4166,1
trace_4167,1
trace_4168,3
trace_4169,0
trace_4170,3
trace_4171,4
trace_4172,3
trace_4173,1
trace_4174,3
trace_4175,0
trace_4176,1
trace_4177,1
trace_4178,2
trace_4179,2
trace_4180,0
trace_4181,1
trace_4182,3
trace_4183,1
trace_4184,2
trace_4185,1
trace_4186,2
trace_4187,1
trace_4188,0
trace_4189,4
trace_4190,0
trace_4191,3
trace_4192,1
trace_4193,0
trace_4194,1
trace_4195,3
trace_4196,1
trace_4197,2
trace_4198,0
trace_4199,0
trace_4200,1
trace_4201,4
trace_4202,4
trace_4203,1
trace_4204,2
trace_4205,0
trace_4206,4
trace_4207,1
trace_4208,2
trace_4209,3
trace_4210,0
trace_4211,1
trace_4212,1
trace_4213,0
trace_4214,2
trace_4215,4
trace_4216,4
trace_4217,1
trace_4218,1
trace_4219,0
trace_4220,2
trace_4221,0
trace_4222,4
trace_4223,0
trace_4224,2
trace_4225,4
trace_4226,0
trace_4227,0
trace_4228,3
trace_4229,3
trace_4230,3
trace_4231,1
trace_4232,2
trace_4233,0
trace_4234,3
trace_4235,4
trace_4236,0
trace_4237,2
trace_4238,3
trace_4239,2
trace_4240,0
trace_4241,1
trace_4242,0
trace_4243,2
trace_4244,0
trace_4245,1
trace_4246,0
trace_4247,2
trace_4248,4
trace_4249,2
trace_4250,1
trace_4251,1
trace_4252,4
trace_4253,1
trace_4254,1
trace_4255,2
trace_4256,2
trace_4257,2
trace_4258,2
trace_4259,3
trace_4260,3
trace_4261,0
trace_4262,2
trace_4263,0
trace_4264,1
trace_4265,0
trace_4266,0
trace_4267,3
trace_4268,3
trace_4269,4
trace_4270,1
trace_4271,2
trace_4272,2
trace_4273,3
trace_4274,0
trace_4275,0
trace_4276,4
trace_4277,4
trace_4278,0
trace_4279,2
trace_4280,3
trace_4281,4
trace_4282,4
trace_4283,4
trace_4284,4
trace_4285,0
trace_4286,1
trace_4287,0
trace_4288,3
trace_4289,0
trace_4290,2
trace_4291,1
trace_4292,4
trace_4293,3
trace_4294,1
trace_4295,2
trace_4296,3
trace_4297,2
trace_4298,0
trace_4299,0
trace_4300,2
trace_4301,0
trace_4302,3
trace_4303,1
trace_4304,2
trace_4305,1
trace_4306,2
trace_4307,1
trace_4308,0
trace_4309,4
trace_4310,3
trace_4311,0
trace_4312,4
trace_4313,1
trace_4314,0
trace_4315,0
trace_4316,2
trace_4317,4
trace_4318,2
trace_4319,1
trace_4320,4
trace_4321,2
trace_4322,0
trace_4323,2
trace_4324,3
trace_4325,1
trace_4326,0
trace_4327,0
trace_4328,3
trace_4329,0
trace_4330,2
trace_4331,4
trace_4332,4
trace_4333,1
trace_4334,2
trace_4335,0
trace_4336,4
trace_4337,4
trace_4338,0
trace_4339,2
trace_4340,0
trace_4341,4
trace_4342,2
trace_4343,1
trace_4344,0
trace_4345,2
trace_4346,1
trace_4347,3
trace_4348,4
trace_4349,4
trace_4350,0
trace_4351,3
trace_4352,2
trace_4353,4
trace_4354,2
trace_4355,2
trace_4356,3
trace_4357,2
trace_4358,3
trace_4359,3
trace_4360,2
trace_4361,2
trace_4362,2
trace_4363,1
trace_4364,3
trace_4365,1
trace_4366,2
trace_4367,2
trace_4368,4
trace_4369,0
trace_4370,4
trace_4371,4
trace_4372,2
trace_4373,4
trace_4374,3
trace_4375,2
trace_4376,4
trace_4377,3
trace_4378,3
trace_4379,3
trace_4380,1
trace_4381,2
trace_4382,4
trace_4383,0
trace_4384,3
trace_4385,3
trace_4386,3
trace_4387,4
trace_4388,4
trace_4389,2
trace_4390,1
trace_4391,2
trace_4392,0
trace_4393,1
trace_4394,0
trace_4395,0
trace_4396,4
trace_4397,3
trace_4398,0
trace_4399,0
trace_4400,1
trace_4401,3
trace_4402,1
trace_4403,0
trace_4404,1
trace_4405,4
trace_4406,3
trace_4407,4
trace_4408,0
trace_4409,2
trace_4410,0
trace_4411,0
trace_4412,4
trace_4413,1
trace_4414,4
trace_4415,2
trace_4416,4
trace_4417,2
trace_4418,4
trace_4419,3
trace_4420,4
trace_4421,1
trace_4422,4
trace_4423,4
trace_4424,2
trace_4425,3
trace_4426,1
trace_4427,4
trace_4428,2
trace_4429,0
trace_4430,0
trace_4431,3
trace_4432,0
trace_4433,1
trace_4434,1
trace_4435,2
trace_4436,0
trace_4437,4
trace_4438,4
trace_4439,2
trace_4440,1
trace_4441,0
trace_4442,3
trace_4443,4
trace_4444,4
trace_4445,4
trace_4446,2
trace_4447,4
trace_4448,4
trace_4449,0
trace_4450,0
trace_4451,4
trace_4452,2
trace_4453,3
trace_4454,4
trace_4455,4
trace_4456,4
trace_4457,0
trace_4458,0
trace_4459,4
trace_4460,2
trace_4461,3
trace_4462,1
trace_4463,3
trace_4464,1
trace_4465,2
trace_4466,0
trace_4467,0
trace_4468,1
trace_4469,4
trace_4470,2
trace_4471,1
trace_4472,2
trace_4473,0
trace_4474,2
trace_4475,1
trace_4476,0
trace_4477,1
trace_4478,0
trace_4479,3
trace_4480,1
trace_4481,3
trace_4482,0
trace_4483,3
trace_4484,0
trace_4485,4
trace_4486,2
trace_4487,1
trace_4488,2
trace_4489,1
trace_4490,3
trace_4491,2
trace_4492,0
trace_4493,4
trace_4494,2
trace_4495,3
trace_4496,0
trace_4497,0
trace_4498,0
trace_4499,0
trace_4500,3
trace_4501,0
trace_4502,1
trace_4503,3
trace_4504,4
trace_4505,2
trace_4506,2
trace_4507,2
trace_4508,2
trace_4509,1
trace_4510,2
trace_4511,4
trace_4512,1
trace_4513,0
trace_4514,2
trace_4515,4
trace_4516,0
trace_4517,2
trace_4518,2
trace_4519,2
trace_4520,4
trace_4521,1
trace_4522,3
trace_4523,3
trace_4524,1
trace_4525,0
trace_4526,3
trace_4527,3
trace_4528,1
trace_4529,2
trace_4530,1
trace_4531,3
trace_4532,2
trace_4533,1
trace_4534,0
trace_4535,1
trace_4536,4
trace_4537,2
trace_4538,4
trace_4539,4
trace_4540,4
trace_4541,3
trace_4542,3
trace_4543,4
trace_4544,3
trace_4545,3
trace_4546,4
trace_4547,4
trace_4548,4
trace_4549,1
trace_4550,4
trace_4551,2
trace_4552,0
trace_4553,0
trace_4554,2
trace_4555,0
trace_4556,0
trace_4557,1
trace_4558,1
trace_4559,3
trace_4560,1
trace_4561,1
trace_4562,0
trace_4563,0
trace_4564,2
trace_4565,1
trace_4566,4
trace_4567,3
trace_4568,2
trace_4569,3
trace_4570,0
trace_4571,0
trace_4572,1
trace_4573,0
trace_4574,1
trace_4575,4
trace_4576,0
trace_4577,3
trace_4578,0
trace_4579,0
trace_4580,1
trace_4581,4
trace_4582,1
trace_4583,1
trace_4584,2
trace_4585,1
trace_4586,0
trace_4587,1
trace_4588,2
trace_4589,3
trace_4590,0
trace_4591,2
trace_4592,0
trace_4593,0
trace_4594,4
trace_4595,0
trace_4596,3
trace_4597,2
trace_4598,2
trace_4599,2
trace_4600,4
trace_4601,4
trace_4602,1
trace_4603,3
trace_4604,0
trace_4605,3
trace_4606,3
trace_4607,2
trace_4608,1
trace_4609,4
trace_4610,1
trace_4611,3
trace_4612,4
trace_4613,0
trace_4614,4
trace_4615,4
trace_4616,1
trace_4617,3
trace_4618,0
trace_4619,2
trace_4620,0
trace_4621,0
trace_4622,3
trace_4623,4
trace_4624,1
trace_4625,3
trace_4626,4
trace_4627,4
trace_4628,3
trace_4629,1
trace_4630,0
trace_4631,3
trace_4632,3
trace_4633,0
trace_4634,3
trace_4635,1
trace_4636,2
trace_4637,3
trace_4638,4
trace_4639,1
trace_4640,2
trace_4641,0
trace_4642,3
trace_4643,1
trace_4644,2
trace_4645,2
trace_4646,1
trace_4647,3
trace_4648,3
trace_4649,2
trace_4650,0
trace_4651,0
trace_4652,0
trace_4653,3
trace_4654,0
trace_4655,2
trace_4656,3
trace_4657,0
trace_4658,4
trace_4659,3
trace_4660,4
trace_4661,4
trace_4662,1
trace_4663,2
trace_4664,1
trace_4665,4
trace_4666,3
trace_4667,2
trace_4668,2
trace_4669,4
trace_4670,2
trace_4671,4
trace_4672,1
trace_4673,4
trace_4674,1
trace_4675,2
trace_4676,4
trace_4677,1
trace_4678,4
trace_4679,0
trace_4680,0
trace_4681,2
trace_4682,0
trace_4683,0
trace_4684,1
trace_4685,4
trace_4686,4
trace_4687,0
trace_4688,1
trace_4689,2
trace_4690,1
trace_4691,0
trace_4692,2
trace_4693,3
trace_4694,0
trace_4695,4
trace_4696,2
trace_4697,0
trace_4698,3
trace_4699,0
trace_4700,1
trace_4701,1
trace_4702,4
trace_4703,1
trace_4704,0
trace_4705,3
trace_4706,1
trace_4707,0
trace_4708,3
trace_4709,4
trace_4710,1
trace_4711,2
trace_4712,2
trace_4713,0
trace_4714,4
trace_4715,2
trace_4716,0
trace_4717,4
trace_4718,0
trace_4719,3
trace_4720,4
trace_4721,4
trace_4722,3
trace_4723,4
trace_4724,4
trace_4725,1
trace_4726,4
trace_4727,4
trace_4728,4
trace_4729,1
trace_4730,0
trace_4731,3
trace_4732,2
trace_4733,4
trace_4734,4
trace_4735,1
trace_4736,4
trace_4737,0
trace_4738,1
trace_4739,1
trace_4740,1
trace_4741,4
trace_4742,4
trace_4743,0
trace_4744,0
trace_4745,1
trace_4746,4
trace_4747,1
trace_4748,0
trace_4749,0
trace_4750,2
trace_4751,3
trace_4752,1
trace_4753,2
trace_4754,3
trace_4755,3
trace_4756,2
trace_4757,3
trace_4758,4
trace_4759,1
trace_4760,3
trace_4761,3
trace_4762,4
trace_4763,4
trace_4764,0
trace_4765,1
trace_4766,4
trace_4767,2
trace_4768,4
trace_4769,3
trace_4770,0
trace_4771,2
trace_4772,2
trace_4773,2
trace_4774,4
trace_4775,2
trace_4776,2
trace_4777,3
trace_4778,3
trace_4779,0
trace_4780,0
trace_4781,2
trace_4782,4
trace_4783,4
trace_4784,1
trace_4785,2
trace_4786,0
trace_4787,3
trace_4788,0
trace_4789,1
trace_4790,0
trace_4791,0
trace_4792,1
trace_4793,4
trace_4794,2
trace_4795,2
trace_4796,1
trace_4797,1
trace_4798,1
trace_4799,2
trace_4800,0
trace_4801,4
trace_4802,2
trace_4803,3
trace_4804,0
trace_4805,1
trace_4806,1
trace_4807,4
trace_4808,2
trace_4809,4
trace_4810,1
trace_4811,3
trace_4812,0
trace_4813,1
trace_4814,3
trace_4815,3
trace_4816,0
trace_4817,4
trace_4818,0
trace_4819,3
trace_4820,1
trace_4821,4
trace_4822,1
trace_4823,3
trace_4824,1
trace_4825,1
trace_4826,4
trace_4827,2
trace_4828,1
trace_4829,2
trace_4830,1
trace_4831,3
trace_4832,0
trace_4833,1
trace_4834,1
trace_4835,4
trace_4836,2
trace_4837,0
trace_4838,3
trace_4839,3
trace_4840,1
trace_4841,0
trace_4842,3
trace_4843,4
trace_4844,3
trace_4845,2
trace_4846,3
trace_4847,2
trace_4848,2
trace_4849,3
trace_4850,3
trace_4851,3
trace_4852,1
trace_4853,1
trace_4854,0
trace_4855,0
trace_4856,4
trace_4857,3
trace_4858,1
trace_4859,3
trace_4860,1
trace_4861,4
trace_4862,3
trace_4863,4
trace_4864,0
trace_4865,2
trace_4866,3
trace_4867,4
trace_4868,4
trace_4869,1
trace_4870,0
trace_4871,3
trace_4872,4
trace_4873,0
trace_4874,2
trace_4875,1
trace_4876,3
trace_4877,3
trace_4878,2
trace_4879,3
trace_4880,1
trace_4881,2
trace_4882,2
trace_4883,1
trace_4884,2
trace_4885,3
trace_4886,3
trace_4887,4
trace_4888,0
trace_4889,3
trace_4890,2
trace_4891,3
trace_4892,2
trace_4893,2
trace_4894,3
trace_4895,0
trace_4896,0
trace_4897,3
trace_4898,4
trace_4899,3
trace_4900,4
trace_4901,0
trace_4902,4
trace_4903,0
trace_4904,0
trace_4905,3
trace_4906,2
trace_4907,3
trace_4908,1
trace_4909,0
trace_4910,4
trace_4911,0
trace_4912,3
trace_4913,3
trace_4914,4
trace_4915,0
trace_4916,2
trace_4917,0
trace_4918,0
trace_4919,2
trace_4920,2
trace_4921,4
trace_4922,2
trace_4923,4
trace_4924,3
trace_4925,4
trace_4926,2
trace_4927,0
trace_4928,3
trace_4929,2
trace_4930,3
trace_4931,0
trace_4932,4
trace_4933,0
trace_4934,3
trace_4935,3
trace_4936,4
trace_4937,1
trace_4938,4
trace_4939,3
trace_4940,2
trace_4941,2
trace_4942,1
trace_4943,0
trace_4944,3
trace_4945,1
trace_4946,2
trace_4947,0
trace_4948,0
trace_4949,0
trace_4950,0
trace_4951,4
trace_4952,2
trace_4953,3
trace_4954,1
trace_4955,4
trace_4956,3
trace_4957,0
trace_4958,4
trace_4959,1
trace_4960,4
trace_4961,0
trace_4962,0
trace_4963,2
trace_4964,1
trace_4965,0
trace_4966,1
trace_4967,2
trace_4968,2
trace_4969,1
trace_4970,2
trace_4971,2
trace_4972,2
trace_4973,1
trace_4974,1
trace_4975,3
trace_4976,1
trace_4977,0
trace_4978,0
trace_4979,3
trace_4980,0
trace_4981,0
trace_4982,0
trace_4983,3
trace_4984,1
trace_4985,1
trace_4986,3
trace_4987,0
trace_4988,0
trace_4989,0
trace_4990,0
trace_4991,2
trace_4992,3
trace_4993,1
trace_4994,1
trace_4995,1
trace_4996,3
trace_4997,2
trace_4998,4
trace_4999,0
trace_5000,2
trace_5001,0
trace_5002,1
trace_5003,4
trace_5004,1
trace_5005,0
trace_5006,0
trace_5007,1
trace_5008,4
trace_5009,2
trace_5010,3
trace_5011,4
trace_5012,1
trace_5013,1
trace_5014,4
trace_5015,3
trace_5016,3
trace_5017,0
trace_5018,3
trace_5019,1
trace_5020,0
trace_5021,4
trace_5022,2
trace_5023,3
trace_5024,4
trace_5025,1
trace_5026,3
trace_5027,0
trace_5028,0
trace_5029,2
trace_5030,4
trace_5031,3
trace_5032,0
trace_5033,2
trace_5034,4
trace_5035,4
trace_5036,3
trace_5037,2
trace_5038,1
trace_5039,2
trace_5040,4
trace_5041,0
trace_5042,0
trace_5043,4
trace_5044,1
trace_5045,4
trace_5046,0
trace_5047,1
trace_5048,0
trace_5049,4
trace_5050,3
trace_5051,2
trace_5052,0
trace_5053,1
trace_5054,0
trace_5055,3
trace_5056,1
trace_5057,3
trace_5058,2
trace_5059,0
trace_5060,0
trace_5061,0
trace_5062,3
trace_5063,3
trace_5064,1
trace_5065,1
trace_5066,3
trace_5067,3
trace_5068,1
trace_5069,3
trace_5070,4
trace_5071,3
trace_5072,1
trace_5073,0
trace_5074,3
trace_5075,4
trace_5076,4
trace_5077,4
trace_5078,4
trace_5079,3
trace_5080,2
trace_5081,3
trace_5082,4
trace_5083,1
trace_5084,3
trace_5085,2
trace_5086,4
trace_5087,1
trace_5088,0
trace_5089,4
trace_5090,3
trace_5091,3
trace_5092,1
trace_5093,3
trace_5094,1
trace_5095,3
trace_5096,4
trace_5097,0
trace_5098,3
trace_5099,0
trace_5100,3
trace_5101,1
trace_5102,4
trace_5103,3
trace_5104,1
trace_5105,3
trace_5106,1
trace_5107,1
trace_5108,2
trace_5109,2
trace_5110,2
trace_5111,4
trace_5112,4
trace_5113,0
trace_5114,3
trace_5115,1
trace_5116,2
trace_5117,4
trace_5118,3
trace_5119,1
trace_5120,2
trace_5121,0
trace_5122,3
trace_5123,2
trace_5124,0
trace_5125,4
trace_5126,2
trace_5127,4
trace_5128,1
trace_5129,2
trace_5130,3
trace_5131,1
trace_5132,4
trace_5133,0
trace_5134,1
trace_5135,4
trace_5136,2
trace_5137,3
trace_5138,2
trace_5139,0
trace_5140,2
trace_5141,0
trace_5142,4
trace_5143,2
trace_5144,3
trace_5145,2
trace_5146,3
trace_5147,0
trace_5148,4
trace_5149,4
trace_5150,2
trace_5151,0
trace_5152,1
trace_5153,2
trace_5154,4
trace_5155,2
trace_5156,1
trace_5157,2
trace_5158,3
trace_5159,3
trace_5160,0
trace_5161,3
trace_5162,1
trace_5163,2
trace_5164,1
trace_5165,3
trace_5166,3
trace_5167,3
trace_5168,0
trace_5169,2
trace_5170,1
trace_5171,0
trace_5172,4
trace_5173,3
trace_5174,3
trace_5175,4
trace_5176,2
trace_5177,0
trace_5178,3
trace_5179,2
trace_5180,3
trace_5181,0
trace_5182,2
trace_5183,4
trace_5184,1
trace_5185,4
trace_5186,2
trace_5187,1
trace_5188,0
trace_5189,4
trace_5190,0
trace_5191,0
trace_5192,2
trace_5193,1
trace_5194,1
trace_5195,1
trace_5196,0
trace_5197,0
trace_5198,1
trace_5199,1
trace_5200,4
trace_5201,0
trace_5202,3
trace_5203,2
trace_5204,4
trace_5205,1
trace_5206,1
trace_5207,3
trace_5208,2
trace_5209,1
trace_5210,2
trace_5211,1
trace_5212,2
trace_5213,1
trace_5214,3
trace_5215,0
trace_5216,2
trace_5217,2
trace_5218,2
trace_5219,3
trace_5220,1
trace_5221,0
trace_5222,1
trace_5223,0
trace_5224,4
trace_5225,2
trace_5226,2
trace_5227,4
trace_5228,4
trace_5229,4
trace_5230,2
trace_5231,4
trace_5232,3
trace_5233,4
trace_5234,3
trace_5235,0
trace_5236,3
trace_5237,0
trace_5238,4
trace_5239,2
trace_5240,0
trace_5241,3
trace_5242,0
trace_5243,4
trace_5244,0
trace_5245,1
trace_5246,3
trace_5247,1
trace_5248,3
trace_5249,0
trace_5250,3
trace_5251,0
trace_5252,0
trace_5253,1
trace_5254,1
trace_5255,4
trace_5256,2
trace_5257,0
trace_5258,4
trace_5259,2
trace_5260,0
trace_5261,3
trace_5262,1
trace_5263,4
trace_5264,1
trace_5265,3
trace_5266,4
trace_5267,2
trace_5268,0
trace_5269,3
trace_5270,1
trace_5271,4
trace_5272,1
trace_5273,0
trace_5274,4
trace_5275,4
trace_5276,2
trace_5277,0
trace_5278,4
trace_5279,3
trace_5280,2
trace_5281,0
trace_5282,1
trace_5283,4
trace_5284,4
trace_5285,4
trace_5286,0
trace_5287,0
trace_5288,1
trace_5289,4
trace_5290,1
trace_5291,4
trace_5292,2
trace_5293,3
trace_5294,1
trace_5295,2
trace_5296,2
trace_5297,0
trace_5298,1
trace_5299,3
trace_5300,0
trace_5301,0
trace_5302,2
trace_5303,1
trace_5304,1
trace_5305,0
trace_5306,1
trace_5307,2
trace_5308,1
trace_5309,0
trace_5310,2
trace_5311,3
trace_5312,2
trace_5313,1
trace_5314,0
trace_5315,4
trace_5316,0
trace_5317,1
trace_5318,2
trace_5319,3
trace_5320,2
trace_5321,1
trace_5322,3
trace_5323,4
trace_5324,0
trace_5325,3
trace_5326,0
trace_5327,1
trace_5328,2
trace_5329,1
trace_5330,2
trace_5331,0
trace_5332,4
trace_5333,0
trace_5334,3
trace_5335,0
trace_5336,3
trace_5337,0
trace_5338,3
trace_5339,0
trace_5340,4
trace_5341,0
trace_5342,3
trace_5343,2
trace_5344,2
trace_5345,0
trace_5346,4
trace_5347,4
trace_5348,3
trace_5349,0
trace_5350,1
trace_5351,3
trace_5352,1
trace_5353,1
trace_5354,4
trace_5355,2
trace_5356,4
trace_5357,4
trace_5358,2
trace_5359,0
trace_5360,3
trace_5361,4
trace_5362,2
trace_5363,1
trace_5364,4
trace_5365,4
trace_5366,0
trace_5367,1
trace_5368,0
trace_5369,4
trace_5370,0
trace_5371,3
trace_5372,2
trace_5373,4
trace_5374,4
trace_5375,4
trace_5376,4
trace_5377,1
trace_5378,4
trace_5379,2
trace_5380,4
trace_5381,0
trace_5382,0
trace_5383,0
trace_5384,1
trace_5385,0
trace_5386,4
trace_5387,2
trace_5388,4
trace_5389,2
trace_5390,2
trace_5391,4
trace_5392,4
trace_5393,1
trace_5394,4
trace_5395,0
trace_5396,2
trace_5397,2
trace_5398,3
trace_5399,2
trace_5400,1
trace_5401,2
trace_5402,2
trace_5403,4
trace_5404,1
trace_5405,4
trace_5406,1
trace_5407,3
trace_5408,2
trace_5409,2
trace_5410,0
trace_5411,1
trace_5412,1
trace_5413,0
trace_5414,1
trace_5415,1
trace_5416,3
trace_5417,4
trace_5418,4
trace_5419,2
trace_5420,4
trace_5421,3
trace_5422,1
trace_5423,0
trace_5424,3
trace_5425,4
trace_5426,2
trace_5427,4
trace_5428,0
trace_5429,3
trace_5430,1
trace_5431,1
trace_5432,1
trace_5433,2
trace_5434,0
trace_5435,0
trace_5436,1
trace_5437,1
trace_5438,2
trace_5439,1
trace_5440,0
trace_5441,1
trace_5442,1
trace_5443,2
trace_5444,1
trace_5445,3
trace_5446,3
trace_5447,1
trace_5448,4
trace_5449,0
trace_5450,0
trace_5451,4
trace_5452,0
trace_5453,3
trace_5454,1
trace_5455,2
trace_5456,4
trace_5457,1
trace_5458,4
trace_5459,2
trace_5460,2
trace_5461,3
trace_5462,3
trace_5463,1
trace_5464,4
trace_5465,4
trace_5466,4
trace_5467,1
trace_5468,3
trace_5469,2
trace_5470,3
trace_5471,2
trace_5472,4
trace_5473,1
trace_5474,0
trace_5475,0
trace_5476,2
trace_5477,1
trace_5478,4
trace_5479,1
trace_5480,2
trace_5481,1
trace_5482,0
trace_5483,1
trace_5484,0
trace_5485,4
trace_5486,2
trace_5487,0
trace_5488,1
trace_5489,4
trace_5490,2
trace_5491,1
trace_5492,4
trace_5493,0
trace_5494,2
trace_5495,0
trace_5496,2
trace_5497,0
trace_5498,4
trace_5499,3
trace_5500,3
trace_5501,4
trace_5502,3
trace_5503,1
trace_5504,1
trace_5505,0
trace_5506,0
trace_5507,1
trace_5508,1
trace_5509,4
trace_5510,0
trace_5511,2
trace_5512,3
trace_5513,0
trace_5514,1
trace_5515,0
trace_5516,0
trace_5517,3
trace_5518,0
trace_5519,2
trace_5520,2
trace_5521,3
trace_5522,2
trace_5523,1
trace_5524,1
trace_5525,3
trace_5526,0
trace_5527,1
trace_5528,0
trace_5529,3
trace_5530,4
trace_5531,0
trace_5532,0
trace_5533,3
trace_5534,1
trace_5535,0
trace_5536,1
trace_5537,3
trace_5538,2
trace_5539,1
trace_5540,0
trace_5541,1
trace_5542,3
trace_5543,3
trace_5544,4
trace_5545,2
trace_5546,4
trace_5547,4
trace_5548,3
trace_5549,0
trace_5550,0
trace_5551,4
trace_5552,3
trace_5553,3
trace_5554,0
trace_5555,3
trace_5556,3
trace_5557,0
trace_5558,1
trace_5559,0
trace_5560,3
trace_5561,4
trace_5562,1
trace_5563,4
trace_5564,3
trace_5565,0
trace_5566,3
trace_5567,4
trace_5568,0
trace_5569,4
trace_5570,3
trace_5571,1
trace_5572,3
trace_5573,1
trace_5574,3
trace_5575,1
trace_5576,3
trace_5577,1
trace_5578,0
trace_5579,2
trace_5580,4
trace_5581,2
trace_5582,3
trace_5583,0
trace_5584,1
trace_5585,2
trace_5586,4
trace_5587,3
trace_5588,4
trace_5589,2
trace_5590,2
trace_5591,3
trace_5592,2
trace_5593,3
trace_5594,1
trace_5595,4
trace_5596,4
trace_5597,3
trace_5598,3
trace_5599,4
trace_5600,3
trace_5601,2
trace_5602,1
trace_5603,3
trace_5604,2
trace_5605,3
trace_5606,0
trace_5607,2
trace_5608,4
trace_5609,0
trace_5610,4
trace_5611,3
trace_5612,4
trace_5613,3
trace_5614,4
trace_5615,0
trace_5616,1
trace_5617,1
trace_5618,2
trace_5619,4
trace_5620,0
trace_5621,0
trace_5622,4
trace_5623,1
trace_5624,1
trace_5625,3
trace_5626,2
trace_5627,0
trace_5628,3
trace_5629,1
trace_5630,2
trace_5631,0
trace_5632,0
trace_5633,0
trace_5634,1
trace_5635,0
trace_5636,2
trace_5637,1
trace_5638,1
trace_5639,1
trace_5640,1
trace_5641,3
trace_5642,4
trace_5643,3
trace_5644,1
trace_5645,3
trace_5646,0
trace_5647,3
trace_5648,1
